Date	DateKey	DateNumber	DateName	Century	CenturyKey	CenturyNumber	CenturyName	Year	YearKey	YearNumber	YearName	Semester	SemesterKey	SemesterNumber	SemesterName	Trimester	TrimesterKey	TrimesterNumber	TrimesterName	Quarter	QuarterKey	QuarterNumber	QuarterName	Month	MonthKey	MonthNumber	MonthName	ISOWeek	ISOWeekKey	ISOWeekNumber	ISOWeekName	DayOfWeekName	DayOfYearName	DayOfMonthName
0037-01-01	370101	370101	0037-01-01	0001-01-01	10101	1	1st	0037-01-01	370101	37	0037-01-01	0037-01-01	370101	1	0037-01-01	0037-01-01	370101	1	0037-01-01	0037-01-01	370101	1	0037-01-01	0037-01-01	370101	1	0037-01-01	0036-12-29	361229	1	0036-W01	Thursday	001	01
0037-01-02	370102	370102	0037-01-02	0001-01-01	10101	1	1st	0037-01-01	370101	37	0037-01-01	0037-01-01	370101	1	0037-01-01	0037-01-01	370101	1	0037-01-01	0037-01-01	370101	1	0037-01-01	0037-01-01	370101	1	0037-01-01	0036-12-29	361229	1	0036-W01	Friday	002	02
0037-01-03	370103	370103	0037-01-03	0001-01-01	10101	1	1st	0037-01-01	370101	37	0037-01-01	0037-01-01	370101	1	0037-01-01	0037-01-01	370101	1	0037-01-01	0037-01-01	370101	1	0037-01-01	0037-01-01	370101	1	0037-01-01	0036-12-29	361229	1	0036-W01	Saturday	003	03
0037-01-04	370104	370104	0037-01-04	0001-01-01	10101	1	1st	0037-01-01	370101	37	0037-01-01	0037-01-01	370101	1	0037-01-01	0037-01-01	370101	1	0037-01-01	0037-01-01	370101	1	0037-01-01	0037-01-01	370101	1	0037-01-01	0036-12-29	361229	1	0036-W01	Sunday	004	04
0037-01-05	370105	370105	0037-01-05	0001-01-01	10101	1	1st	0037-01-01	370101	37	0037-01-01	0037-01-01	370101	1	0037-01-01	0037-01-01	370101	1	0037-01-01	0037-01-01	370101	1	0037-01-01	0037-01-01	370101	1	0037-01-01	0037-01-05	370105	2	0037-W02	Monday	005	05
0037-01-06	370106	370106	0037-01-06	0001-01-01	10101	1	1st	0037-01-01	370101	37	0037-01-01	0037-01-01	370101	1	0037-01-01	0037-01-01	370101	1	0037-01-01	0037-01-01	370101	1	0037-01-01	0037-01-01	370101	1	0037-01-01	0037-01-05	370105	2	0037-W02	Tuesday	006	06
0037-01-07	370107	370107	0037-01-07	0001-01-01	10101	1	1st	0037-01-01	370101	37	0037-01-01	0037-01-01	370101	1	0037-01-01	0037-01-01	370101	1	0037-01-01	0037-01-01	370101	1	0037-01-01	0037-01-01	370101	1	0037-01-01	0037-01-05	370105	2	0037-W02	Wednesday	007	07
0037-01-08	370108	370108	0037-01-08	0001-01-01	10101	1	1st	0037-01-01	370101	37	0037-01-01	0037-01-01	370101	1	0037-01-01	0037-01-01	370101	1	0037-01-01	0037-01-01	370101	1	0037-01-01	0037-01-01	370101	1	0037-01-01	0037-01-05	370105	2	0037-W02	Thursday	008	08
0037-01-09	370109	370109	0037-01-09	0001-01-01	10101	1	1st	0037-01-01	370101	37	0037-01-01	0037-01-01	370101	1	0037-01-01	0037-01-01	370101	1	0037-01-01	0037-01-01	370101	1	0037-01-01	0037-01-01	370101	1	0037-01-01	0037-01-05	370105	2	0037-W02	Friday	009	09
0037-01-10	370110	370110	0037-01-10	0001-01-01	10101	1	1st	0037-01-01	370101	37	0037-01-01	0037-01-01	370101	1	0037-01-01	0037-01-01	370101	1	0037-01-01	0037-01-01	370101	1	0037-01-01	0037-01-01	370101	1	0037-01-01	0037-01-05	370105	2	0037-W02	Saturday	010	10
0037-01-11	370111	370111	0037-01-11	0001-01-01	10101	1	1st	0037-01-01	370101	37	0037-01-01	0037-01-01	370101	1	0037-01-01	0037-01-01	370101	1	0037-01-01	0037-01-01	370101	1	0037-01-01	0037-01-01	370101	1	0037-01-01	0037-01-05	370105	2	0037-W02	Sunday	011	11
0037-01-12	370112	370112	0037-01-12	0001-01-01	10101	1	1st	0037-01-01	370101	37	0037-01-01	0037-01-01	370101	1	0037-01-01	0037-01-01	370101	1	0037-01-01	0037-01-01	370101	1	0037-01-01	0037-01-01	370101	1	0037-01-01	0037-01-12	370112	3	0037-W03	Monday	012	12
0037-01-13	370113	370113	0037-01-13	0001-01-01	10101	1	1st	0037-01-01	370101	37	0037-01-01	0037-01-01	370101	1	0037-01-01	0037-01-01	370101	1	0037-01-01	0037-01-01	370101	1	0037-01-01	0037-01-01	370101	1	0037-01-01	0037-01-12	370112	3	0037-W03	Tuesday	013	13
0037-01-14	370114	370114	0037-01-14	0001-01-01	10101	1	1st	0037-01-01	370101	37	0037-01-01	0037-01-01	370101	1	0037-01-01	0037-01-01	370101	1	0037-01-01	0037-01-01	370101	1	0037-01-01	0037-01-01	370101	1	0037-01-01	0037-01-12	370112	3	0037-W03	Wednesday	014	14
0037-01-15	370115	370115	0037-01-15	0001-01-01	10101	1	1st	0037-01-01	370101	37	0037-01-01	0037-01-01	370101	1	0037-01-01	0037-01-01	370101	1	0037-01-01	0037-01-01	370101	1	0037-01-01	0037-01-01	370101	1	0037-01-01	0037-01-12	370112	3	0037-W03	Thursday	015	15
0037-01-16	370116	370116	0037-01-16	0001-01-01	10101	1	1st	0037-01-01	370101	37	0037-01-01	0037-01-01	370101	1	0037-01-01	0037-01-01	370101	1	0037-01-01	0037-01-01	370101	1	0037-01-01	0037-01-01	370101	1	0037-01-01	0037-01-12	370112	3	0037-W03	Friday	016	16
0037-01-17	370117	370117	0037-01-17	0001-01-01	10101	1	1st	0037-01-01	370101	37	0037-01-01	0037-01-01	370101	1	0037-01-01	0037-01-01	370101	1	0037-01-01	0037-01-01	370101	1	0037-01-01	0037-01-01	370101	1	0037-01-01	0037-01-12	370112	3	0037-W03	Saturday	017	17
0037-01-18	370118	370118	0037-01-18	0001-01-01	10101	1	1st	0037-01-01	370101	37	0037-01-01	0037-01-01	370101	1	0037-01-01	0037-01-01	370101	1	0037-01-01	0037-01-01	370101	1	0037-01-01	0037-01-01	370101	1	0037-01-01	0037-01-12	370112	3	0037-W03	Sunday	018	18
0037-01-19	370119	370119	0037-01-19	0001-01-01	10101	1	1st	0037-01-01	370101	37	0037-01-01	0037-01-01	370101	1	0037-01-01	0037-01-01	370101	1	0037-01-01	0037-01-01	370101	1	0037-01-01	0037-01-01	370101	1	0037-01-01	0037-01-19	370119	4	0037-W04	Monday	019	19
0037-01-20	370120	370120	0037-01-20	0001-01-01	10101	1	1st	0037-01-01	370101	37	0037-01-01	0037-01-01	370101	1	0037-01-01	0037-01-01	370101	1	0037-01-01	0037-01-01	370101	1	0037-01-01	0037-01-01	370101	1	0037-01-01	0037-01-19	370119	4	0037-W04	Tuesday	020	20
0037-01-21	370121	370121	0037-01-21	0001-01-01	10101	1	1st	0037-01-01	370101	37	0037-01-01	0037-01-01	370101	1	0037-01-01	0037-01-01	370101	1	0037-01-01	0037-01-01	370101	1	0037-01-01	0037-01-01	370101	1	0037-01-01	0037-01-19	370119	4	0037-W04	Wednesday	021	21
0037-01-22	370122	370122	0037-01-22	0001-01-01	10101	1	1st	0037-01-01	370101	37	0037-01-01	0037-01-01	370101	1	0037-01-01	0037-01-01	370101	1	0037-01-01	0037-01-01	370101	1	0037-01-01	0037-01-01	370101	1	0037-01-01	0037-01-19	370119	4	0037-W04	Thursday	022	22
0037-01-23	370123	370123	0037-01-23	0001-01-01	10101	1	1st	0037-01-01	370101	37	0037-01-01	0037-01-01	370101	1	0037-01-01	0037-01-01	370101	1	0037-01-01	0037-01-01	370101	1	0037-01-01	0037-01-01	370101	1	0037-01-01	0037-01-19	370119	4	0037-W04	Friday	023	23
0037-01-24	370124	370124	0037-01-24	0001-01-01	10101	1	1st	0037-01-01	370101	37	0037-01-01	0037-01-01	370101	1	0037-01-01	0037-01-01	370101	1	0037-01-01	0037-01-01	370101	1	0037-01-01	0037-01-01	370101	1	0037-01-01	0037-01-19	370119	4	0037-W04	Saturday	024	24
0037-01-25	370125	370125	0037-01-25	0001-01-01	10101	1	1st	0037-01-01	370101	37	0037-01-01	0037-01-01	370101	1	0037-01-01	0037-01-01	370101	1	0037-01-01	0037-01-01	370101	1	0037-01-01	0037-01-01	370101	1	0037-01-01	0037-01-19	370119	4	0037-W04	Sunday	025	25
0037-01-26	370126	370126	0037-01-26	0001-01-01	10101	1	1st	0037-01-01	370101	37	0037-01-01	0037-01-01	370101	1	0037-01-01	0037-01-01	370101	1	0037-01-01	0037-01-01	370101	1	0037-01-01	0037-01-01	370101	1	0037-01-01	0037-01-26	370126	5	0037-W05	Monday	026	26
0037-01-27	370127	370127	0037-01-27	0001-01-01	10101	1	1st	0037-01-01	370101	37	0037-01-01	0037-01-01	370101	1	0037-01-01	0037-01-01	370101	1	0037-01-01	0037-01-01	370101	1	0037-01-01	0037-01-01	370101	1	0037-01-01	0037-01-26	370126	5	0037-W05	Tuesday	027	27
0037-01-28	370128	370128	0037-01-28	0001-01-01	10101	1	1st	0037-01-01	370101	37	0037-01-01	0037-01-01	370101	1	0037-01-01	0037-01-01	370101	1	0037-01-01	0037-01-01	370101	1	0037-01-01	0037-01-01	370101	1	0037-01-01	0037-01-26	370126	5	0037-W05	Wednesday	028	28
0037-01-29	370129	370129	0037-01-29	0001-01-01	10101	1	1st	0037-01-01	370101	37	0037-01-01	0037-01-01	370101	1	0037-01-01	0037-01-01	370101	1	0037-01-01	0037-01-01	370101	1	0037-01-01	0037-01-01	370101	1	0037-01-01	0037-01-26	370126	5	0037-W05	Thursday	029	29
0037-01-30	370130	370130	0037-01-30	0001-01-01	10101	1	1st	0037-01-01	370101	37	0037-01-01	0037-01-01	370101	1	0037-01-01	0037-01-01	370101	1	0037-01-01	0037-01-01	370101	1	0037-01-01	0037-01-01	370101	1	0037-01-01	0037-01-26	370126	5	0037-W05	Friday	030	30
0037-01-31	370131	370131	0037-01-31	0001-01-01	10101	1	1st	0037-01-01	370101	37	0037-01-01	0037-01-01	370101	1	0037-01-01	0037-01-01	370101	1	0037-01-01	0037-01-01	370101	1	0037-01-01	0037-01-01	370101	1	0037-01-01	0037-01-26	370126	5	0037-W05	Saturday	031	31
0037-02-01	370201	370201	0037-02-01	0001-01-01	10101	1	1st	0037-01-01	370101	37	0037-01-01	0037-01-01	370101	1	0037-01-01	0037-01-01	370101	1	0037-01-01	0037-01-01	370101	1	0037-01-01	0037-02-01	370201	2	0037-02-01	0037-01-26	370126	5	0037-W05	Sunday	032	01
0037-02-02	370202	370202	0037-02-02	0001-01-01	10101	1	1st	0037-01-01	370101	37	0037-01-01	0037-01-01	370101	1	0037-01-01	0037-01-01	370101	1	0037-01-01	0037-01-01	370101	1	0037-01-01	0037-02-01	370201	2	0037-02-01	0037-02-02	370202	6	0037-W06	Monday	033	02
0037-02-03	370203	370203	0037-02-03	0001-01-01	10101	1	1st	0037-01-01	370101	37	0037-01-01	0037-01-01	370101	1	0037-01-01	0037-01-01	370101	1	0037-01-01	0037-01-01	370101	1	0037-01-01	0037-02-01	370201	2	0037-02-01	0037-02-02	370202	6	0037-W06	Tuesday	034	03
0037-02-04	370204	370204	0037-02-04	0001-01-01	10101	1	1st	0037-01-01	370101	37	0037-01-01	0037-01-01	370101	1	0037-01-01	0037-01-01	370101	1	0037-01-01	0037-01-01	370101	1	0037-01-01	0037-02-01	370201	2	0037-02-01	0037-02-02	370202	6	0037-W06	Wednesday	035	04
0037-02-05	370205	370205	0037-02-05	0001-01-01	10101	1	1st	0037-01-01	370101	37	0037-01-01	0037-01-01	370101	1	0037-01-01	0037-01-01	370101	1	0037-01-01	0037-01-01	370101	1	0037-01-01	0037-02-01	370201	2	0037-02-01	0037-02-02	370202	6	0037-W06	Thursday	036	05
0037-02-06	370206	370206	0037-02-06	0001-01-01	10101	1	1st	0037-01-01	370101	37	0037-01-01	0037-01-01	370101	1	0037-01-01	0037-01-01	370101	1	0037-01-01	0037-01-01	370101	1	0037-01-01	0037-02-01	370201	2	0037-02-01	0037-02-02	370202	6	0037-W06	Friday	037	06
0037-02-07	370207	370207	0037-02-07	0001-01-01	10101	1	1st	0037-01-01	370101	37	0037-01-01	0037-01-01	370101	1	0037-01-01	0037-01-01	370101	1	0037-01-01	0037-01-01	370101	1	0037-01-01	0037-02-01	370201	2	0037-02-01	0037-02-02	370202	6	0037-W06	Saturday	038	07
0037-02-08	370208	370208	0037-02-08	0001-01-01	10101	1	1st	0037-01-01	370101	37	0037-01-01	0037-01-01	370101	1	0037-01-01	0037-01-01	370101	1	0037-01-01	0037-01-01	370101	1	0037-01-01	0037-02-01	370201	2	0037-02-01	0037-02-02	370202	6	0037-W06	Sunday	039	08
0037-02-09	370209	370209	0037-02-09	0001-01-01	10101	1	1st	0037-01-01	370101	37	0037-01-01	0037-01-01	370101	1	0037-01-01	0037-01-01	370101	1	0037-01-01	0037-01-01	370101	1	0037-01-01	0037-02-01	370201	2	0037-02-01	0037-02-09	370209	7	0037-W07	Monday	040	09
0037-02-10	370210	370210	0037-02-10	0001-01-01	10101	1	1st	0037-01-01	370101	37	0037-01-01	0037-01-01	370101	1	0037-01-01	0037-01-01	370101	1	0037-01-01	0037-01-01	370101	1	0037-01-01	0037-02-01	370201	2	0037-02-01	0037-02-09	370209	7	0037-W07	Tuesday	041	10
0037-02-11	370211	370211	0037-02-11	0001-01-01	10101	1	1st	0037-01-01	370101	37	0037-01-01	0037-01-01	370101	1	0037-01-01	0037-01-01	370101	1	0037-01-01	0037-01-01	370101	1	0037-01-01	0037-02-01	370201	2	0037-02-01	0037-02-09	370209	7	0037-W07	Wednesday	042	11
0037-02-12	370212	370212	0037-02-12	0001-01-01	10101	1	1st	0037-01-01	370101	37	0037-01-01	0037-01-01	370101	1	0037-01-01	0037-01-01	370101	1	0037-01-01	0037-01-01	370101	1	0037-01-01	0037-02-01	370201	2	0037-02-01	0037-02-09	370209	7	0037-W07	Thursday	043	12
0037-02-13	370213	370213	0037-02-13	0001-01-01	10101	1	1st	0037-01-01	370101	37	0037-01-01	0037-01-01	370101	1	0037-01-01	0037-01-01	370101	1	0037-01-01	0037-01-01	370101	1	0037-01-01	0037-02-01	370201	2	0037-02-01	0037-02-09	370209	7	0037-W07	Friday	044	13
0037-02-14	370214	370214	0037-02-14	0001-01-01	10101	1	1st	0037-01-01	370101	37	0037-01-01	0037-01-01	370101	1	0037-01-01	0037-01-01	370101	1	0037-01-01	0037-01-01	370101	1	0037-01-01	0037-02-01	370201	2	0037-02-01	0037-02-09	370209	7	0037-W07	Saturday	045	14
0037-02-15	370215	370215	0037-02-15	0001-01-01	10101	1	1st	0037-01-01	370101	37	0037-01-01	0037-01-01	370101	1	0037-01-01	0037-01-01	370101	1	0037-01-01	0037-01-01	370101	1	0037-01-01	0037-02-01	370201	2	0037-02-01	0037-02-09	370209	7	0037-W07	Sunday	046	15
0037-02-16	370216	370216	0037-02-16	0001-01-01	10101	1	1st	0037-01-01	370101	37	0037-01-01	0037-01-01	370101	1	0037-01-01	0037-01-01	370101	1	0037-01-01	0037-01-01	370101	1	0037-01-01	0037-02-01	370201	2	0037-02-01	0037-02-16	370216	8	0037-W08	Monday	047	16
0037-02-17	370217	370217	0037-02-17	0001-01-01	10101	1	1st	0037-01-01	370101	37	0037-01-01	0037-01-01	370101	1	0037-01-01	0037-01-01	370101	1	0037-01-01	0037-01-01	370101	1	0037-01-01	0037-02-01	370201	2	0037-02-01	0037-02-16	370216	8	0037-W08	Tuesday	048	17
0037-02-18	370218	370218	0037-02-18	0001-01-01	10101	1	1st	0037-01-01	370101	37	0037-01-01	0037-01-01	370101	1	0037-01-01	0037-01-01	370101	1	0037-01-01	0037-01-01	370101	1	0037-01-01	0037-02-01	370201	2	0037-02-01	0037-02-16	370216	8	0037-W08	Wednesday	049	18
0037-02-19	370219	370219	0037-02-19	0001-01-01	10101	1	1st	0037-01-01	370101	37	0037-01-01	0037-01-01	370101	1	0037-01-01	0037-01-01	370101	1	0037-01-01	0037-01-01	370101	1	0037-01-01	0037-02-01	370201	2	0037-02-01	0037-02-16	370216	8	0037-W08	Thursday	050	19
0037-02-20	370220	370220	0037-02-20	0001-01-01	10101	1	1st	0037-01-01	370101	37	0037-01-01	0037-01-01	370101	1	0037-01-01	0037-01-01	370101	1	0037-01-01	0037-01-01	370101	1	0037-01-01	0037-02-01	370201	2	0037-02-01	0037-02-16	370216	8	0037-W08	Friday	051	20
0037-02-21	370221	370221	0037-02-21	0001-01-01	10101	1	1st	0037-01-01	370101	37	0037-01-01	0037-01-01	370101	1	0037-01-01	0037-01-01	370101	1	0037-01-01	0037-01-01	370101	1	0037-01-01	0037-02-01	370201	2	0037-02-01	0037-02-16	370216	8	0037-W08	Saturday	052	21
0037-02-22	370222	370222	0037-02-22	0001-01-01	10101	1	1st	0037-01-01	370101	37	0037-01-01	0037-01-01	370101	1	0037-01-01	0037-01-01	370101	1	0037-01-01	0037-01-01	370101	1	0037-01-01	0037-02-01	370201	2	0037-02-01	0037-02-16	370216	8	0037-W08	Sunday	053	22
0037-02-23	370223	370223	0037-02-23	0001-01-01	10101	1	1st	0037-01-01	370101	37	0037-01-01	0037-01-01	370101	1	0037-01-01	0037-01-01	370101	1	0037-01-01	0037-01-01	370101	1	0037-01-01	0037-02-01	370201	2	0037-02-01	0037-02-23	370223	9	0037-W09	Monday	054	23
0037-02-24	370224	370224	0037-02-24	0001-01-01	10101	1	1st	0037-01-01	370101	37	0037-01-01	0037-01-01	370101	1	0037-01-01	0037-01-01	370101	1	0037-01-01	0037-01-01	370101	1	0037-01-01	0037-02-01	370201	2	0037-02-01	0037-02-23	370223	9	0037-W09	Tuesday	055	24
0037-02-25	370225	370225	0037-02-25	0001-01-01	10101	1	1st	0037-01-01	370101	37	0037-01-01	0037-01-01	370101	1	0037-01-01	0037-01-01	370101	1	0037-01-01	0037-01-01	370101	1	0037-01-01	0037-02-01	370201	2	0037-02-01	0037-02-23	370223	9	0037-W09	Wednesday	056	25
0037-02-26	370226	370226	0037-02-26	0001-01-01	10101	1	1st	0037-01-01	370101	37	0037-01-01	0037-01-01	370101	1	0037-01-01	0037-01-01	370101	1	0037-01-01	0037-01-01	370101	1	0037-01-01	0037-02-01	370201	2	0037-02-01	0037-02-23	370223	9	0037-W09	Thursday	057	26
0037-02-27	370227	370227	0037-02-27	0001-01-01	10101	1	1st	0037-01-01	370101	37	0037-01-01	0037-01-01	370101	1	0037-01-01	0037-01-01	370101	1	0037-01-01	0037-01-01	370101	1	0037-01-01	0037-02-01	370201	2	0037-02-01	0037-02-23	370223	9	0037-W09	Friday	058	27
0037-02-28	370228	370228	0037-02-28	0001-01-01	10101	1	1st	0037-01-01	370101	37	0037-01-01	0037-01-01	370101	1	0037-01-01	0037-01-01	370101	1	0037-01-01	0037-01-01	370101	1	0037-01-01	0037-02-01	370201	2	0037-02-01	0037-02-23	370223	9	0037-W09	Saturday	059	28
0037-03-01	370301	370301	0037-03-01	0001-01-01	10101	1	1st	0037-01-01	370101	37	0037-01-01	0037-01-01	370101	1	0037-01-01	0037-01-01	370101	1	0037-01-01	0037-01-01	370101	1	0037-01-01	0037-03-01	370301	3	0037-03-01	0037-02-23	370223	9	0037-W09	Sunday	060	01
0037-03-02	370302	370302	0037-03-02	0001-01-01	10101	1	1st	0037-01-01	370101	37	0037-01-01	0037-01-01	370101	1	0037-01-01	0037-01-01	370101	1	0037-01-01	0037-01-01	370101	1	0037-01-01	0037-03-01	370301	3	0037-03-01	0037-03-02	370302	10	0037-W10	Monday	061	02
0037-03-03	370303	370303	0037-03-03	0001-01-01	10101	1	1st	0037-01-01	370101	37	0037-01-01	0037-01-01	370101	1	0037-01-01	0037-01-01	370101	1	0037-01-01	0037-01-01	370101	1	0037-01-01	0037-03-01	370301	3	0037-03-01	0037-03-02	370302	10	0037-W10	Tuesday	062	03
0037-03-04	370304	370304	0037-03-04	0001-01-01	10101	1	1st	0037-01-01	370101	37	0037-01-01	0037-01-01	370101	1	0037-01-01	0037-01-01	370101	1	0037-01-01	0037-01-01	370101	1	0037-01-01	0037-03-01	370301	3	0037-03-01	0037-03-02	370302	10	0037-W10	Wednesday	063	04
0037-03-05	370305	370305	0037-03-05	0001-01-01	10101	1	1st	0037-01-01	370101	37	0037-01-01	0037-01-01	370101	1	0037-01-01	0037-01-01	370101	1	0037-01-01	0037-01-01	370101	1	0037-01-01	0037-03-01	370301	3	0037-03-01	0037-03-02	370302	10	0037-W10	Thursday	064	05
0037-03-06	370306	370306	0037-03-06	0001-01-01	10101	1	1st	0037-01-01	370101	37	0037-01-01	0037-01-01	370101	1	0037-01-01	0037-01-01	370101	1	0037-01-01	0037-01-01	370101	1	0037-01-01	0037-03-01	370301	3	0037-03-01	0037-03-02	370302	10	0037-W10	Friday	065	06
0037-03-07	370307	370307	0037-03-07	0001-01-01	10101	1	1st	0037-01-01	370101	37	0037-01-01	0037-01-01	370101	1	0037-01-01	0037-01-01	370101	1	0037-01-01	0037-01-01	370101	1	0037-01-01	0037-03-01	370301	3	0037-03-01	0037-03-02	370302	10	0037-W10	Saturday	066	07
0037-03-08	370308	370308	0037-03-08	0001-01-01	10101	1	1st	0037-01-01	370101	37	0037-01-01	0037-01-01	370101	1	0037-01-01	0037-01-01	370101	1	0037-01-01	0037-01-01	370101	1	0037-01-01	0037-03-01	370301	3	0037-03-01	0037-03-02	370302	10	0037-W10	Sunday	067	08
0037-03-09	370309	370309	0037-03-09	0001-01-01	10101	1	1st	0037-01-01	370101	37	0037-01-01	0037-01-01	370101	1	0037-01-01	0037-01-01	370101	1	0037-01-01	0037-01-01	370101	1	0037-01-01	0037-03-01	370301	3	0037-03-01	0037-03-09	370309	11	0037-W11	Monday	068	09
0037-03-10	370310	370310	0037-03-10	0001-01-01	10101	1	1st	0037-01-01	370101	37	0037-01-01	0037-01-01	370101	1	0037-01-01	0037-01-01	370101	1	0037-01-01	0037-01-01	370101	1	0037-01-01	0037-03-01	370301	3	0037-03-01	0037-03-09	370309	11	0037-W11	Tuesday	069	10
0037-03-11	370311	370311	0037-03-11	0001-01-01	10101	1	1st	0037-01-01	370101	37	0037-01-01	0037-01-01	370101	1	0037-01-01	0037-01-01	370101	1	0037-01-01	0037-01-01	370101	1	0037-01-01	0037-03-01	370301	3	0037-03-01	0037-03-09	370309	11	0037-W11	Wednesday	070	11
0037-03-12	370312	370312	0037-03-12	0001-01-01	10101	1	1st	0037-01-01	370101	37	0037-01-01	0037-01-01	370101	1	0037-01-01	0037-01-01	370101	1	0037-01-01	0037-01-01	370101	1	0037-01-01	0037-03-01	370301	3	0037-03-01	0037-03-09	370309	11	0037-W11	Thursday	071	12
0037-03-13	370313	370313	0037-03-13	0001-01-01	10101	1	1st	0037-01-01	370101	37	0037-01-01	0037-01-01	370101	1	0037-01-01	0037-01-01	370101	1	0037-01-01	0037-01-01	370101	1	0037-01-01	0037-03-01	370301	3	0037-03-01	0037-03-09	370309	11	0037-W11	Friday	072	13
0037-03-14	370314	370314	0037-03-14	0001-01-01	10101	1	1st	0037-01-01	370101	37	0037-01-01	0037-01-01	370101	1	0037-01-01	0037-01-01	370101	1	0037-01-01	0037-01-01	370101	1	0037-01-01	0037-03-01	370301	3	0037-03-01	0037-03-09	370309	11	0037-W11	Saturday	073	14
0037-03-15	370315	370315	0037-03-15	0001-01-01	10101	1	1st	0037-01-01	370101	37	0037-01-01	0037-01-01	370101	1	0037-01-01	0037-01-01	370101	1	0037-01-01	0037-01-01	370101	1	0037-01-01	0037-03-01	370301	3	0037-03-01	0037-03-09	370309	11	0037-W11	Sunday	074	15
0037-03-16	370316	370316	0037-03-16	0001-01-01	10101	1	1st	0037-01-01	370101	37	0037-01-01	0037-01-01	370101	1	0037-01-01	0037-01-01	370101	1	0037-01-01	0037-01-01	370101	1	0037-01-01	0037-03-01	370301	3	0037-03-01	0037-03-16	370316	12	0037-W12	Monday	075	16
0037-03-17	370317	370317	0037-03-17	0001-01-01	10101	1	1st	0037-01-01	370101	37	0037-01-01	0037-01-01	370101	1	0037-01-01	0037-01-01	370101	1	0037-01-01	0037-01-01	370101	1	0037-01-01	0037-03-01	370301	3	0037-03-01	0037-03-16	370316	12	0037-W12	Tuesday	076	17
0037-03-18	370318	370318	0037-03-18	0001-01-01	10101	1	1st	0037-01-01	370101	37	0037-01-01	0037-01-01	370101	1	0037-01-01	0037-01-01	370101	1	0037-01-01	0037-01-01	370101	1	0037-01-01	0037-03-01	370301	3	0037-03-01	0037-03-16	370316	12	0037-W12	Wednesday	077	18
0037-03-19	370319	370319	0037-03-19	0001-01-01	10101	1	1st	0037-01-01	370101	37	0037-01-01	0037-01-01	370101	1	0037-01-01	0037-01-01	370101	1	0037-01-01	0037-01-01	370101	1	0037-01-01	0037-03-01	370301	3	0037-03-01	0037-03-16	370316	12	0037-W12	Thursday	078	19
0037-03-20	370320	370320	0037-03-20	0001-01-01	10101	1	1st	0037-01-01	370101	37	0037-01-01	0037-01-01	370101	1	0037-01-01	0037-01-01	370101	1	0037-01-01	0037-01-01	370101	1	0037-01-01	0037-03-01	370301	3	0037-03-01	0037-03-16	370316	12	0037-W12	Friday	079	20
0037-03-21	370321	370321	0037-03-21	0001-01-01	10101	1	1st	0037-01-01	370101	37	0037-01-01	0037-01-01	370101	1	0037-01-01	0037-01-01	370101	1	0037-01-01	0037-01-01	370101	1	0037-01-01	0037-03-01	370301	3	0037-03-01	0037-03-16	370316	12	0037-W12	Saturday	080	21
0037-03-22	370322	370322	0037-03-22	0001-01-01	10101	1	1st	0037-01-01	370101	37	0037-01-01	0037-01-01	370101	1	0037-01-01	0037-01-01	370101	1	0037-01-01	0037-01-01	370101	1	0037-01-01	0037-03-01	370301	3	0037-03-01	0037-03-16	370316	12	0037-W12	Sunday	081	22
0037-03-23	370323	370323	0037-03-23	0001-01-01	10101	1	1st	0037-01-01	370101	37	0037-01-01	0037-01-01	370101	1	0037-01-01	0037-01-01	370101	1	0037-01-01	0037-01-01	370101	1	0037-01-01	0037-03-01	370301	3	0037-03-01	0037-03-23	370323	13	0037-W13	Monday	082	23
0037-03-24	370324	370324	0037-03-24	0001-01-01	10101	1	1st	0037-01-01	370101	37	0037-01-01	0037-01-01	370101	1	0037-01-01	0037-01-01	370101	1	0037-01-01	0037-01-01	370101	1	0037-01-01	0037-03-01	370301	3	0037-03-01	0037-03-23	370323	13	0037-W13	Tuesday	083	24
0037-03-25	370325	370325	0037-03-25	0001-01-01	10101	1	1st	0037-01-01	370101	37	0037-01-01	0037-01-01	370101	1	0037-01-01	0037-01-01	370101	1	0037-01-01	0037-01-01	370101	1	0037-01-01	0037-03-01	370301	3	0037-03-01	0037-03-23	370323	13	0037-W13	Wednesday	084	25
0037-03-26	370326	370326	0037-03-26	0001-01-01	10101	1	1st	0037-01-01	370101	37	0037-01-01	0037-01-01	370101	1	0037-01-01	0037-01-01	370101	1	0037-01-01	0037-01-01	370101	1	0037-01-01	0037-03-01	370301	3	0037-03-01	0037-03-23	370323	13	0037-W13	Thursday	085	26
0037-03-27	370327	370327	0037-03-27	0001-01-01	10101	1	1st	0037-01-01	370101	37	0037-01-01	0037-01-01	370101	1	0037-01-01	0037-01-01	370101	1	0037-01-01	0037-01-01	370101	1	0037-01-01	0037-03-01	370301	3	0037-03-01	0037-03-23	370323	13	0037-W13	Friday	086	27
0037-03-28	370328	370328	0037-03-28	0001-01-01	10101	1	1st	0037-01-01	370101	37	0037-01-01	0037-01-01	370101	1	0037-01-01	0037-01-01	370101	1	0037-01-01	0037-01-01	370101	1	0037-01-01	0037-03-01	370301	3	0037-03-01	0037-03-23	370323	13	0037-W13	Saturday	087	28
0037-03-29	370329	370329	0037-03-29	0001-01-01	10101	1	1st	0037-01-01	370101	37	0037-01-01	0037-01-01	370101	1	0037-01-01	0037-01-01	370101	1	0037-01-01	0037-01-01	370101	1	0037-01-01	0037-03-01	370301	3	0037-03-01	0037-03-23	370323	13	0037-W13	Sunday	088	29
0037-03-30	370330	370330	0037-03-30	0001-01-01	10101	1	1st	0037-01-01	370101	37	0037-01-01	0037-01-01	370101	1	0037-01-01	0037-01-01	370101	1	0037-01-01	0037-01-01	370101	1	0037-01-01	0037-03-01	370301	3	0037-03-01	0037-03-30	370330	14	0037-W14	Monday	089	30
0037-03-31	370331	370331	0037-03-31	0001-01-01	10101	1	1st	0037-01-01	370101	37	0037-01-01	0037-01-01	370101	1	0037-01-01	0037-01-01	370101	1	0037-01-01	0037-01-01	370101	1	0037-01-01	0037-03-01	370301	3	0037-03-01	0037-03-30	370330	14	0037-W14	Tuesday	090	31
0037-04-01	370401	370401	0037-04-01	0001-01-01	10101	1	1st	0037-01-01	370101	37	0037-01-01	0037-01-01	370101	1	0037-01-01	0037-01-01	370101	1	0037-01-01	0037-04-01	370401	2	0037-04-01	0037-04-01	370401	4	0037-04-01	0037-03-30	370330	14	0037-W14	Wednesday	091	01
0037-04-02	370402	370402	0037-04-02	0001-01-01	10101	1	1st	0037-01-01	370101	37	0037-01-01	0037-01-01	370101	1	0037-01-01	0037-01-01	370101	1	0037-01-01	0037-04-01	370401	2	0037-04-01	0037-04-01	370401	4	0037-04-01	0037-03-30	370330	14	0037-W14	Thursday	092	02
0037-04-03	370403	370403	0037-04-03	0001-01-01	10101	1	1st	0037-01-01	370101	37	0037-01-01	0037-01-01	370101	1	0037-01-01	0037-01-01	370101	1	0037-01-01	0037-04-01	370401	2	0037-04-01	0037-04-01	370401	4	0037-04-01	0037-03-30	370330	14	0037-W14	Friday	093	03
0037-04-04	370404	370404	0037-04-04	0001-01-01	10101	1	1st	0037-01-01	370101	37	0037-01-01	0037-01-01	370101	1	0037-01-01	0037-01-01	370101	1	0037-01-01	0037-04-01	370401	2	0037-04-01	0037-04-01	370401	4	0037-04-01	0037-03-30	370330	14	0037-W14	Saturday	094	04
0037-04-05	370405	370405	0037-04-05	0001-01-01	10101	1	1st	0037-01-01	370101	37	0037-01-01	0037-01-01	370101	1	0037-01-01	0037-01-01	370101	1	0037-01-01	0037-04-01	370401	2	0037-04-01	0037-04-01	370401	4	0037-04-01	0037-03-30	370330	14	0037-W14	Sunday	095	05
0037-04-06	370406	370406	0037-04-06	0001-01-01	10101	1	1st	0037-01-01	370101	37	0037-01-01	0037-01-01	370101	1	0037-01-01	0037-01-01	370101	1	0037-01-01	0037-04-01	370401	2	0037-04-01	0037-04-01	370401	4	0037-04-01	0037-04-06	370406	15	0037-W15	Monday	096	06
0037-04-07	370407	370407	0037-04-07	0001-01-01	10101	1	1st	0037-01-01	370101	37	0037-01-01	0037-01-01	370101	1	0037-01-01	0037-01-01	370101	1	0037-01-01	0037-04-01	370401	2	0037-04-01	0037-04-01	370401	4	0037-04-01	0037-04-06	370406	15	0037-W15	Tuesday	097	07
0037-04-08	370408	370408	0037-04-08	0001-01-01	10101	1	1st	0037-01-01	370101	37	0037-01-01	0037-01-01	370101	1	0037-01-01	0037-01-01	370101	1	0037-01-01	0037-04-01	370401	2	0037-04-01	0037-04-01	370401	4	0037-04-01	0037-04-06	370406	15	0037-W15	Wednesday	098	08
0037-04-09	370409	370409	0037-04-09	0001-01-01	10101	1	1st	0037-01-01	370101	37	0037-01-01	0037-01-01	370101	1	0037-01-01	0037-01-01	370101	1	0037-01-01	0037-04-01	370401	2	0037-04-01	0037-04-01	370401	4	0037-04-01	0037-04-06	370406	15	0037-W15	Thursday	099	09
0037-04-10	370410	370410	0037-04-10	0001-01-01	10101	1	1st	0037-01-01	370101	37	0037-01-01	0037-01-01	370101	1	0037-01-01	0037-01-01	370101	1	0037-01-01	0037-04-01	370401	2	0037-04-01	0037-04-01	370401	4	0037-04-01	0037-04-06	370406	15	0037-W15	Friday	100	10
0037-04-11	370411	370411	0037-04-11	0001-01-01	10101	1	1st	0037-01-01	370101	37	0037-01-01	0037-01-01	370101	1	0037-01-01	0037-01-01	370101	1	0037-01-01	0037-04-01	370401	2	0037-04-01	0037-04-01	370401	4	0037-04-01	0037-04-06	370406	15	0037-W15	Saturday	101	11
0037-04-12	370412	370412	0037-04-12	0001-01-01	10101	1	1st	0037-01-01	370101	37	0037-01-01	0037-01-01	370101	1	0037-01-01	0037-01-01	370101	1	0037-01-01	0037-04-01	370401	2	0037-04-01	0037-04-01	370401	4	0037-04-01	0037-04-06	370406	15	0037-W15	Sunday	102	12
0037-04-13	370413	370413	0037-04-13	0001-01-01	10101	1	1st	0037-01-01	370101	37	0037-01-01	0037-01-01	370101	1	0037-01-01	0037-01-01	370101	1	0037-01-01	0037-04-01	370401	2	0037-04-01	0037-04-01	370401	4	0037-04-01	0037-04-13	370413	16	0037-W16	Monday	103	13
0037-04-14	370414	370414	0037-04-14	0001-01-01	10101	1	1st	0037-01-01	370101	37	0037-01-01	0037-01-01	370101	1	0037-01-01	0037-01-01	370101	1	0037-01-01	0037-04-01	370401	2	0037-04-01	0037-04-01	370401	4	0037-04-01	0037-04-13	370413	16	0037-W16	Tuesday	104	14
0037-04-15	370415	370415	0037-04-15	0001-01-01	10101	1	1st	0037-01-01	370101	37	0037-01-01	0037-01-01	370101	1	0037-01-01	0037-01-01	370101	1	0037-01-01	0037-04-01	370401	2	0037-04-01	0037-04-01	370401	4	0037-04-01	0037-04-13	370413	16	0037-W16	Wednesday	105	15
0037-04-16	370416	370416	0037-04-16	0001-01-01	10101	1	1st	0037-01-01	370101	37	0037-01-01	0037-01-01	370101	1	0037-01-01	0037-01-01	370101	1	0037-01-01	0037-04-01	370401	2	0037-04-01	0037-04-01	370401	4	0037-04-01	0037-04-13	370413	16	0037-W16	Thursday	106	16
0037-04-17	370417	370417	0037-04-17	0001-01-01	10101	1	1st	0037-01-01	370101	37	0037-01-01	0037-01-01	370101	1	0037-01-01	0037-01-01	370101	1	0037-01-01	0037-04-01	370401	2	0037-04-01	0037-04-01	370401	4	0037-04-01	0037-04-13	370413	16	0037-W16	Friday	107	17
0037-04-18	370418	370418	0037-04-18	0001-01-01	10101	1	1st	0037-01-01	370101	37	0037-01-01	0037-01-01	370101	1	0037-01-01	0037-01-01	370101	1	0037-01-01	0037-04-01	370401	2	0037-04-01	0037-04-01	370401	4	0037-04-01	0037-04-13	370413	16	0037-W16	Saturday	108	18
0037-04-19	370419	370419	0037-04-19	0001-01-01	10101	1	1st	0037-01-01	370101	37	0037-01-01	0037-01-01	370101	1	0037-01-01	0037-01-01	370101	1	0037-01-01	0037-04-01	370401	2	0037-04-01	0037-04-01	370401	4	0037-04-01	0037-04-13	370413	16	0037-W16	Sunday	109	19
0037-04-20	370420	370420	0037-04-20	0001-01-01	10101	1	1st	0037-01-01	370101	37	0037-01-01	0037-01-01	370101	1	0037-01-01	0037-01-01	370101	1	0037-01-01	0037-04-01	370401	2	0037-04-01	0037-04-01	370401	4	0037-04-01	0037-04-20	370420	17	0037-W17	Monday	110	20
0037-04-21	370421	370421	0037-04-21	0001-01-01	10101	1	1st	0037-01-01	370101	37	0037-01-01	0037-01-01	370101	1	0037-01-01	0037-01-01	370101	1	0037-01-01	0037-04-01	370401	2	0037-04-01	0037-04-01	370401	4	0037-04-01	0037-04-20	370420	17	0037-W17	Tuesday	111	21
0037-04-22	370422	370422	0037-04-22	0001-01-01	10101	1	1st	0037-01-01	370101	37	0037-01-01	0037-01-01	370101	1	0037-01-01	0037-01-01	370101	1	0037-01-01	0037-04-01	370401	2	0037-04-01	0037-04-01	370401	4	0037-04-01	0037-04-20	370420	17	0037-W17	Wednesday	112	22
0037-04-23	370423	370423	0037-04-23	0001-01-01	10101	1	1st	0037-01-01	370101	37	0037-01-01	0037-01-01	370101	1	0037-01-01	0037-01-01	370101	1	0037-01-01	0037-04-01	370401	2	0037-04-01	0037-04-01	370401	4	0037-04-01	0037-04-20	370420	17	0037-W17	Thursday	113	23
0037-04-24	370424	370424	0037-04-24	0001-01-01	10101	1	1st	0037-01-01	370101	37	0037-01-01	0037-01-01	370101	1	0037-01-01	0037-01-01	370101	1	0037-01-01	0037-04-01	370401	2	0037-04-01	0037-04-01	370401	4	0037-04-01	0037-04-20	370420	17	0037-W17	Friday	114	24
0037-04-25	370425	370425	0037-04-25	0001-01-01	10101	1	1st	0037-01-01	370101	37	0037-01-01	0037-01-01	370101	1	0037-01-01	0037-01-01	370101	1	0037-01-01	0037-04-01	370401	2	0037-04-01	0037-04-01	370401	4	0037-04-01	0037-04-20	370420	17	0037-W17	Saturday	115	25
0037-04-26	370426	370426	0037-04-26	0001-01-01	10101	1	1st	0037-01-01	370101	37	0037-01-01	0037-01-01	370101	1	0037-01-01	0037-01-01	370101	1	0037-01-01	0037-04-01	370401	2	0037-04-01	0037-04-01	370401	4	0037-04-01	0037-04-20	370420	17	0037-W17	Sunday	116	26
0037-04-27	370427	370427	0037-04-27	0001-01-01	10101	1	1st	0037-01-01	370101	37	0037-01-01	0037-01-01	370101	1	0037-01-01	0037-01-01	370101	1	0037-01-01	0037-04-01	370401	2	0037-04-01	0037-04-01	370401	4	0037-04-01	0037-04-27	370427	18	0037-W18	Monday	117	27
0037-04-28	370428	370428	0037-04-28	0001-01-01	10101	1	1st	0037-01-01	370101	37	0037-01-01	0037-01-01	370101	1	0037-01-01	0037-01-01	370101	1	0037-01-01	0037-04-01	370401	2	0037-04-01	0037-04-01	370401	4	0037-04-01	0037-04-27	370427	18	0037-W18	Tuesday	118	28
0037-04-29	370429	370429	0037-04-29	0001-01-01	10101	1	1st	0037-01-01	370101	37	0037-01-01	0037-01-01	370101	1	0037-01-01	0037-01-01	370101	1	0037-01-01	0037-04-01	370401	2	0037-04-01	0037-04-01	370401	4	0037-04-01	0037-04-27	370427	18	0037-W18	Wednesday	119	29
0037-04-30	370430	370430	0037-04-30	0001-01-01	10101	1	1st	0037-01-01	370101	37	0037-01-01	0037-01-01	370101	1	0037-01-01	0037-01-01	370101	1	0037-01-01	0037-04-01	370401	2	0037-04-01	0037-04-01	370401	4	0037-04-01	0037-04-27	370427	18	0037-W18	Thursday	120	30
0037-05-01	370501	370501	0037-05-01	0001-01-01	10101	1	1st	0037-01-01	370101	37	0037-01-01	0037-01-01	370101	1	0037-01-01	0037-05-01	370501	2	0037-05-01	0037-04-01	370401	2	0037-04-01	0037-05-01	370501	5	0037-05-01	0037-04-27	370427	18	0037-W18	Friday	121	01
0037-05-02	370502	370502	0037-05-02	0001-01-01	10101	1	1st	0037-01-01	370101	37	0037-01-01	0037-01-01	370101	1	0037-01-01	0037-05-01	370501	2	0037-05-01	0037-04-01	370401	2	0037-04-01	0037-05-01	370501	5	0037-05-01	0037-04-27	370427	18	0037-W18	Saturday	122	02
0037-05-03	370503	370503	0037-05-03	0001-01-01	10101	1	1st	0037-01-01	370101	37	0037-01-01	0037-01-01	370101	1	0037-01-01	0037-05-01	370501	2	0037-05-01	0037-04-01	370401	2	0037-04-01	0037-05-01	370501	5	0037-05-01	0037-04-27	370427	18	0037-W18	Sunday	123	03
0037-05-04	370504	370504	0037-05-04	0001-01-01	10101	1	1st	0037-01-01	370101	37	0037-01-01	0037-01-01	370101	1	0037-01-01	0037-05-01	370501	2	0037-05-01	0037-04-01	370401	2	0037-04-01	0037-05-01	370501	5	0037-05-01	0037-05-04	370504	19	0037-W19	Monday	124	04
0037-05-05	370505	370505	0037-05-05	0001-01-01	10101	1	1st	0037-01-01	370101	37	0037-01-01	0037-01-01	370101	1	0037-01-01	0037-05-01	370501	2	0037-05-01	0037-04-01	370401	2	0037-04-01	0037-05-01	370501	5	0037-05-01	0037-05-04	370504	19	0037-W19	Tuesday	125	05
0037-05-06	370506	370506	0037-05-06	0001-01-01	10101	1	1st	0037-01-01	370101	37	0037-01-01	0037-01-01	370101	1	0037-01-01	0037-05-01	370501	2	0037-05-01	0037-04-01	370401	2	0037-04-01	0037-05-01	370501	5	0037-05-01	0037-05-04	370504	19	0037-W19	Wednesday	126	06
0037-05-07	370507	370507	0037-05-07	0001-01-01	10101	1	1st	0037-01-01	370101	37	0037-01-01	0037-01-01	370101	1	0037-01-01	0037-05-01	370501	2	0037-05-01	0037-04-01	370401	2	0037-04-01	0037-05-01	370501	5	0037-05-01	0037-05-04	370504	19	0037-W19	Thursday	127	07
0037-05-08	370508	370508	0037-05-08	0001-01-01	10101	1	1st	0037-01-01	370101	37	0037-01-01	0037-01-01	370101	1	0037-01-01	0037-05-01	370501	2	0037-05-01	0037-04-01	370401	2	0037-04-01	0037-05-01	370501	5	0037-05-01	0037-05-04	370504	19	0037-W19	Friday	128	08
0037-05-09	370509	370509	0037-05-09	0001-01-01	10101	1	1st	0037-01-01	370101	37	0037-01-01	0037-01-01	370101	1	0037-01-01	0037-05-01	370501	2	0037-05-01	0037-04-01	370401	2	0037-04-01	0037-05-01	370501	5	0037-05-01	0037-05-04	370504	19	0037-W19	Saturday	129	09
0037-05-10	370510	370510	0037-05-10	0001-01-01	10101	1	1st	0037-01-01	370101	37	0037-01-01	0037-01-01	370101	1	0037-01-01	0037-05-01	370501	2	0037-05-01	0037-04-01	370401	2	0037-04-01	0037-05-01	370501	5	0037-05-01	0037-05-04	370504	19	0037-W19	Sunday	130	10
0037-05-11	370511	370511	0037-05-11	0001-01-01	10101	1	1st	0037-01-01	370101	37	0037-01-01	0037-01-01	370101	1	0037-01-01	0037-05-01	370501	2	0037-05-01	0037-04-01	370401	2	0037-04-01	0037-05-01	370501	5	0037-05-01	0037-05-11	370511	20	0037-W20	Monday	131	11
0037-05-12	370512	370512	0037-05-12	0001-01-01	10101	1	1st	0037-01-01	370101	37	0037-01-01	0037-01-01	370101	1	0037-01-01	0037-05-01	370501	2	0037-05-01	0037-04-01	370401	2	0037-04-01	0037-05-01	370501	5	0037-05-01	0037-05-11	370511	20	0037-W20	Tuesday	132	12
0037-05-13	370513	370513	0037-05-13	0001-01-01	10101	1	1st	0037-01-01	370101	37	0037-01-01	0037-01-01	370101	1	0037-01-01	0037-05-01	370501	2	0037-05-01	0037-04-01	370401	2	0037-04-01	0037-05-01	370501	5	0037-05-01	0037-05-11	370511	20	0037-W20	Wednesday	133	13
0037-05-14	370514	370514	0037-05-14	0001-01-01	10101	1	1st	0037-01-01	370101	37	0037-01-01	0037-01-01	370101	1	0037-01-01	0037-05-01	370501	2	0037-05-01	0037-04-01	370401	2	0037-04-01	0037-05-01	370501	5	0037-05-01	0037-05-11	370511	20	0037-W20	Thursday	134	14
0037-05-15	370515	370515	0037-05-15	0001-01-01	10101	1	1st	0037-01-01	370101	37	0037-01-01	0037-01-01	370101	1	0037-01-01	0037-05-01	370501	2	0037-05-01	0037-04-01	370401	2	0037-04-01	0037-05-01	370501	5	0037-05-01	0037-05-11	370511	20	0037-W20	Friday	135	15
0037-05-16	370516	370516	0037-05-16	0001-01-01	10101	1	1st	0037-01-01	370101	37	0037-01-01	0037-01-01	370101	1	0037-01-01	0037-05-01	370501	2	0037-05-01	0037-04-01	370401	2	0037-04-01	0037-05-01	370501	5	0037-05-01	0037-05-11	370511	20	0037-W20	Saturday	136	16
0037-05-17	370517	370517	0037-05-17	0001-01-01	10101	1	1st	0037-01-01	370101	37	0037-01-01	0037-01-01	370101	1	0037-01-01	0037-05-01	370501	2	0037-05-01	0037-04-01	370401	2	0037-04-01	0037-05-01	370501	5	0037-05-01	0037-05-11	370511	20	0037-W20	Sunday	137	17
0037-05-18	370518	370518	0037-05-18	0001-01-01	10101	1	1st	0037-01-01	370101	37	0037-01-01	0037-01-01	370101	1	0037-01-01	0037-05-01	370501	2	0037-05-01	0037-04-01	370401	2	0037-04-01	0037-05-01	370501	5	0037-05-01	0037-05-18	370518	21	0037-W21	Monday	138	18
0037-05-19	370519	370519	0037-05-19	0001-01-01	10101	1	1st	0037-01-01	370101	37	0037-01-01	0037-01-01	370101	1	0037-01-01	0037-05-01	370501	2	0037-05-01	0037-04-01	370401	2	0037-04-01	0037-05-01	370501	5	0037-05-01	0037-05-18	370518	21	0037-W21	Tuesday	139	19
0037-05-20	370520	370520	0037-05-20	0001-01-01	10101	1	1st	0037-01-01	370101	37	0037-01-01	0037-01-01	370101	1	0037-01-01	0037-05-01	370501	2	0037-05-01	0037-04-01	370401	2	0037-04-01	0037-05-01	370501	5	0037-05-01	0037-05-18	370518	21	0037-W21	Wednesday	140	20
0037-05-21	370521	370521	0037-05-21	0001-01-01	10101	1	1st	0037-01-01	370101	37	0037-01-01	0037-01-01	370101	1	0037-01-01	0037-05-01	370501	2	0037-05-01	0037-04-01	370401	2	0037-04-01	0037-05-01	370501	5	0037-05-01	0037-05-18	370518	21	0037-W21	Thursday	141	21
0037-05-22	370522	370522	0037-05-22	0001-01-01	10101	1	1st	0037-01-01	370101	37	0037-01-01	0037-01-01	370101	1	0037-01-01	0037-05-01	370501	2	0037-05-01	0037-04-01	370401	2	0037-04-01	0037-05-01	370501	5	0037-05-01	0037-05-18	370518	21	0037-W21	Friday	142	22
0037-05-23	370523	370523	0037-05-23	0001-01-01	10101	1	1st	0037-01-01	370101	37	0037-01-01	0037-01-01	370101	1	0037-01-01	0037-05-01	370501	2	0037-05-01	0037-04-01	370401	2	0037-04-01	0037-05-01	370501	5	0037-05-01	0037-05-18	370518	21	0037-W21	Saturday	143	23
0037-05-24	370524	370524	0037-05-24	0001-01-01	10101	1	1st	0037-01-01	370101	37	0037-01-01	0037-01-01	370101	1	0037-01-01	0037-05-01	370501	2	0037-05-01	0037-04-01	370401	2	0037-04-01	0037-05-01	370501	5	0037-05-01	0037-05-18	370518	21	0037-W21	Sunday	144	24
0037-05-25	370525	370525	0037-05-25	0001-01-01	10101	1	1st	0037-01-01	370101	37	0037-01-01	0037-01-01	370101	1	0037-01-01	0037-05-01	370501	2	0037-05-01	0037-04-01	370401	2	0037-04-01	0037-05-01	370501	5	0037-05-01	0037-05-25	370525	22	0037-W22	Monday	145	25
0037-05-26	370526	370526	0037-05-26	0001-01-01	10101	1	1st	0037-01-01	370101	37	0037-01-01	0037-01-01	370101	1	0037-01-01	0037-05-01	370501	2	0037-05-01	0037-04-01	370401	2	0037-04-01	0037-05-01	370501	5	0037-05-01	0037-05-25	370525	22	0037-W22	Tuesday	146	26
0037-05-27	370527	370527	0037-05-27	0001-01-01	10101	1	1st	0037-01-01	370101	37	0037-01-01	0037-01-01	370101	1	0037-01-01	0037-05-01	370501	2	0037-05-01	0037-04-01	370401	2	0037-04-01	0037-05-01	370501	5	0037-05-01	0037-05-25	370525	22	0037-W22	Wednesday	147	27
0037-05-28	370528	370528	0037-05-28	0001-01-01	10101	1	1st	0037-01-01	370101	37	0037-01-01	0037-01-01	370101	1	0037-01-01	0037-05-01	370501	2	0037-05-01	0037-04-01	370401	2	0037-04-01	0037-05-01	370501	5	0037-05-01	0037-05-25	370525	22	0037-W22	Thursday	148	28
0037-05-29	370529	370529	0037-05-29	0001-01-01	10101	1	1st	0037-01-01	370101	37	0037-01-01	0037-01-01	370101	1	0037-01-01	0037-05-01	370501	2	0037-05-01	0037-04-01	370401	2	0037-04-01	0037-05-01	370501	5	0037-05-01	0037-05-25	370525	22	0037-W22	Friday	149	29
0037-05-30	370530	370530	0037-05-30	0001-01-01	10101	1	1st	0037-01-01	370101	37	0037-01-01	0037-01-01	370101	1	0037-01-01	0037-05-01	370501	2	0037-05-01	0037-04-01	370401	2	0037-04-01	0037-05-01	370501	5	0037-05-01	0037-05-25	370525	22	0037-W22	Saturday	150	30
0037-05-31	370531	370531	0037-05-31	0001-01-01	10101	1	1st	0037-01-01	370101	37	0037-01-01	0037-01-01	370101	1	0037-01-01	0037-05-01	370501	2	0037-05-01	0037-04-01	370401	2	0037-04-01	0037-05-01	370501	5	0037-05-01	0037-05-25	370525	22	0037-W22	Sunday	151	31
0037-06-01	370601	370601	0037-06-01	0001-01-01	10101	1	1st	0037-01-01	370101	37	0037-01-01	0037-01-01	370101	1	0037-01-01	0037-05-01	370501	2	0037-05-01	0037-04-01	370401	2	0037-04-01	0037-06-01	370601	6	0037-06-01	0037-06-01	370601	23	0037-W23	Monday	152	01
0037-06-02	370602	370602	0037-06-02	0001-01-01	10101	1	1st	0037-01-01	370101	37	0037-01-01	0037-01-01	370101	1	0037-01-01	0037-05-01	370501	2	0037-05-01	0037-04-01	370401	2	0037-04-01	0037-06-01	370601	6	0037-06-01	0037-06-01	370601	23	0037-W23	Tuesday	153	02
0037-06-03	370603	370603	0037-06-03	0001-01-01	10101	1	1st	0037-01-01	370101	37	0037-01-01	0037-01-01	370101	1	0037-01-01	0037-05-01	370501	2	0037-05-01	0037-04-01	370401	2	0037-04-01	0037-06-01	370601	6	0037-06-01	0037-06-01	370601	23	0037-W23	Wednesday	154	03
0037-06-04	370604	370604	0037-06-04	0001-01-01	10101	1	1st	0037-01-01	370101	37	0037-01-01	0037-01-01	370101	1	0037-01-01	0037-05-01	370501	2	0037-05-01	0037-04-01	370401	2	0037-04-01	0037-06-01	370601	6	0037-06-01	0037-06-01	370601	23	0037-W23	Thursday	155	04
0037-06-05	370605	370605	0037-06-05	0001-01-01	10101	1	1st	0037-01-01	370101	37	0037-01-01	0037-01-01	370101	1	0037-01-01	0037-05-01	370501	2	0037-05-01	0037-04-01	370401	2	0037-04-01	0037-06-01	370601	6	0037-06-01	0037-06-01	370601	23	0037-W23	Friday	156	05
0037-06-06	370606	370606	0037-06-06	0001-01-01	10101	1	1st	0037-01-01	370101	37	0037-01-01	0037-01-01	370101	1	0037-01-01	0037-05-01	370501	2	0037-05-01	0037-04-01	370401	2	0037-04-01	0037-06-01	370601	6	0037-06-01	0037-06-01	370601	23	0037-W23	Saturday	157	06
0037-06-07	370607	370607	0037-06-07	0001-01-01	10101	1	1st	0037-01-01	370101	37	0037-01-01	0037-01-01	370101	1	0037-01-01	0037-05-01	370501	2	0037-05-01	0037-04-01	370401	2	0037-04-01	0037-06-01	370601	6	0037-06-01	0037-06-01	370601	23	0037-W23	Sunday	158	07
0037-06-08	370608	370608	0037-06-08	0001-01-01	10101	1	1st	0037-01-01	370101	37	0037-01-01	0037-01-01	370101	1	0037-01-01	0037-05-01	370501	2	0037-05-01	0037-04-01	370401	2	0037-04-01	0037-06-01	370601	6	0037-06-01	0037-06-08	370608	24	0037-W24	Monday	159	08
0037-06-09	370609	370609	0037-06-09	0001-01-01	10101	1	1st	0037-01-01	370101	37	0037-01-01	0037-01-01	370101	1	0037-01-01	0037-05-01	370501	2	0037-05-01	0037-04-01	370401	2	0037-04-01	0037-06-01	370601	6	0037-06-01	0037-06-08	370608	24	0037-W24	Tuesday	160	09
0037-06-10	370610	370610	0037-06-10	0001-01-01	10101	1	1st	0037-01-01	370101	37	0037-01-01	0037-01-01	370101	1	0037-01-01	0037-05-01	370501	2	0037-05-01	0037-04-01	370401	2	0037-04-01	0037-06-01	370601	6	0037-06-01	0037-06-08	370608	24	0037-W24	Wednesday	161	10
0037-06-11	370611	370611	0037-06-11	0001-01-01	10101	1	1st	0037-01-01	370101	37	0037-01-01	0037-01-01	370101	1	0037-01-01	0037-05-01	370501	2	0037-05-01	0037-04-01	370401	2	0037-04-01	0037-06-01	370601	6	0037-06-01	0037-06-08	370608	24	0037-W24	Thursday	162	11
0037-06-12	370612	370612	0037-06-12	0001-01-01	10101	1	1st	0037-01-01	370101	37	0037-01-01	0037-01-01	370101	1	0037-01-01	0037-05-01	370501	2	0037-05-01	0037-04-01	370401	2	0037-04-01	0037-06-01	370601	6	0037-06-01	0037-06-08	370608	24	0037-W24	Friday	163	12
0037-06-13	370613	370613	0037-06-13	0001-01-01	10101	1	1st	0037-01-01	370101	37	0037-01-01	0037-01-01	370101	1	0037-01-01	0037-05-01	370501	2	0037-05-01	0037-04-01	370401	2	0037-04-01	0037-06-01	370601	6	0037-06-01	0037-06-08	370608	24	0037-W24	Saturday	164	13
0037-06-14	370614	370614	0037-06-14	0001-01-01	10101	1	1st	0037-01-01	370101	37	0037-01-01	0037-01-01	370101	1	0037-01-01	0037-05-01	370501	2	0037-05-01	0037-04-01	370401	2	0037-04-01	0037-06-01	370601	6	0037-06-01	0037-06-08	370608	24	0037-W24	Sunday	165	14
0037-06-15	370615	370615	0037-06-15	0001-01-01	10101	1	1st	0037-01-01	370101	37	0037-01-01	0037-01-01	370101	1	0037-01-01	0037-05-01	370501	2	0037-05-01	0037-04-01	370401	2	0037-04-01	0037-06-01	370601	6	0037-06-01	0037-06-15	370615	25	0037-W25	Monday	166	15
0037-06-16	370616	370616	0037-06-16	0001-01-01	10101	1	1st	0037-01-01	370101	37	0037-01-01	0037-01-01	370101	1	0037-01-01	0037-05-01	370501	2	0037-05-01	0037-04-01	370401	2	0037-04-01	0037-06-01	370601	6	0037-06-01	0037-06-15	370615	25	0037-W25	Tuesday	167	16
0037-06-17	370617	370617	0037-06-17	0001-01-01	10101	1	1st	0037-01-01	370101	37	0037-01-01	0037-01-01	370101	1	0037-01-01	0037-05-01	370501	2	0037-05-01	0037-04-01	370401	2	0037-04-01	0037-06-01	370601	6	0037-06-01	0037-06-15	370615	25	0037-W25	Wednesday	168	17
0037-06-18	370618	370618	0037-06-18	0001-01-01	10101	1	1st	0037-01-01	370101	37	0037-01-01	0037-01-01	370101	1	0037-01-01	0037-05-01	370501	2	0037-05-01	0037-04-01	370401	2	0037-04-01	0037-06-01	370601	6	0037-06-01	0037-06-15	370615	25	0037-W25	Thursday	169	18
0037-06-19	370619	370619	0037-06-19	0001-01-01	10101	1	1st	0037-01-01	370101	37	0037-01-01	0037-01-01	370101	1	0037-01-01	0037-05-01	370501	2	0037-05-01	0037-04-01	370401	2	0037-04-01	0037-06-01	370601	6	0037-06-01	0037-06-15	370615	25	0037-W25	Friday	170	19
0037-06-20	370620	370620	0037-06-20	0001-01-01	10101	1	1st	0037-01-01	370101	37	0037-01-01	0037-01-01	370101	1	0037-01-01	0037-05-01	370501	2	0037-05-01	0037-04-01	370401	2	0037-04-01	0037-06-01	370601	6	0037-06-01	0037-06-15	370615	25	0037-W25	Saturday	171	20
0037-06-21	370621	370621	0037-06-21	0001-01-01	10101	1	1st	0037-01-01	370101	37	0037-01-01	0037-01-01	370101	1	0037-01-01	0037-05-01	370501	2	0037-05-01	0037-04-01	370401	2	0037-04-01	0037-06-01	370601	6	0037-06-01	0037-06-15	370615	25	0037-W25	Sunday	172	21
0037-06-22	370622	370622	0037-06-22	0001-01-01	10101	1	1st	0037-01-01	370101	37	0037-01-01	0037-01-01	370101	1	0037-01-01	0037-05-01	370501	2	0037-05-01	0037-04-01	370401	2	0037-04-01	0037-06-01	370601	6	0037-06-01	0037-06-22	370622	26	0037-W26	Monday	173	22
0037-06-23	370623	370623	0037-06-23	0001-01-01	10101	1	1st	0037-01-01	370101	37	0037-01-01	0037-01-01	370101	1	0037-01-01	0037-05-01	370501	2	0037-05-01	0037-04-01	370401	2	0037-04-01	0037-06-01	370601	6	0037-06-01	0037-06-22	370622	26	0037-W26	Tuesday	174	23
0037-06-24	370624	370624	0037-06-24	0001-01-01	10101	1	1st	0037-01-01	370101	37	0037-01-01	0037-01-01	370101	1	0037-01-01	0037-05-01	370501	2	0037-05-01	0037-04-01	370401	2	0037-04-01	0037-06-01	370601	6	0037-06-01	0037-06-22	370622	26	0037-W26	Wednesday	175	24
0037-06-25	370625	370625	0037-06-25	0001-01-01	10101	1	1st	0037-01-01	370101	37	0037-01-01	0037-01-01	370101	1	0037-01-01	0037-05-01	370501	2	0037-05-01	0037-04-01	370401	2	0037-04-01	0037-06-01	370601	6	0037-06-01	0037-06-22	370622	26	0037-W26	Thursday	176	25
0037-06-26	370626	370626	0037-06-26	0001-01-01	10101	1	1st	0037-01-01	370101	37	0037-01-01	0037-01-01	370101	1	0037-01-01	0037-05-01	370501	2	0037-05-01	0037-04-01	370401	2	0037-04-01	0037-06-01	370601	6	0037-06-01	0037-06-22	370622	26	0037-W26	Friday	177	26
0037-06-27	370627	370627	0037-06-27	0001-01-01	10101	1	1st	0037-01-01	370101	37	0037-01-01	0037-01-01	370101	1	0037-01-01	0037-05-01	370501	2	0037-05-01	0037-04-01	370401	2	0037-04-01	0037-06-01	370601	6	0037-06-01	0037-06-22	370622	26	0037-W26	Saturday	178	27
0037-06-28	370628	370628	0037-06-28	0001-01-01	10101	1	1st	0037-01-01	370101	37	0037-01-01	0037-01-01	370101	1	0037-01-01	0037-05-01	370501	2	0037-05-01	0037-04-01	370401	2	0037-04-01	0037-06-01	370601	6	0037-06-01	0037-06-22	370622	26	0037-W26	Sunday	179	28
0037-06-29	370629	370629	0037-06-29	0001-01-01	10101	1	1st	0037-01-01	370101	37	0037-01-01	0037-01-01	370101	1	0037-01-01	0037-05-01	370501	2	0037-05-01	0037-04-01	370401	2	0037-04-01	0037-06-01	370601	6	0037-06-01	0037-06-29	370629	27	0037-W27	Monday	180	29
0037-06-30	370630	370630	0037-06-30	0001-01-01	10101	1	1st	0037-01-01	370101	37	0037-01-01	0037-01-01	370101	1	0037-01-01	0037-05-01	370501	2	0037-05-01	0037-04-01	370401	2	0037-04-01	0037-06-01	370601	6	0037-06-01	0037-06-29	370629	27	0037-W27	Tuesday	181	30
0037-07-01	370701	370701	0037-07-01	0001-01-01	10101	1	1st	0037-01-01	370101	37	0037-01-01	0037-07-01	370701	2	0037-07-01	0037-05-01	370501	2	0037-05-01	0037-06-01	370601	3	0037-06-01	0037-07-01	370701	7	0037-07-01	0037-06-29	370629	27	0037-W27	Wednesday	182	01
0037-07-02	370702	370702	0037-07-02	0001-01-01	10101	1	1st	0037-01-01	370101	37	0037-01-01	0037-07-01	370701	2	0037-07-01	0037-05-01	370501	2	0037-05-01	0037-06-01	370601	3	0037-06-01	0037-07-01	370701	7	0037-07-01	0037-06-29	370629	27	0037-W27	Thursday	183	02
0037-07-03	370703	370703	0037-07-03	0001-01-01	10101	1	1st	0037-01-01	370101	37	0037-01-01	0037-07-01	370701	2	0037-07-01	0037-05-01	370501	2	0037-05-01	0037-06-01	370601	3	0037-06-01	0037-07-01	370701	7	0037-07-01	0037-06-29	370629	27	0037-W27	Friday	184	03
0037-07-04	370704	370704	0037-07-04	0001-01-01	10101	1	1st	0037-01-01	370101	37	0037-01-01	0037-07-01	370701	2	0037-07-01	0037-05-01	370501	2	0037-05-01	0037-06-01	370601	3	0037-06-01	0037-07-01	370701	7	0037-07-01	0037-06-29	370629	27	0037-W27	Saturday	185	04
0037-07-05	370705	370705	0037-07-05	0001-01-01	10101	1	1st	0037-01-01	370101	37	0037-01-01	0037-07-01	370701	2	0037-07-01	0037-05-01	370501	2	0037-05-01	0037-06-01	370601	3	0037-06-01	0037-07-01	370701	7	0037-07-01	0037-06-29	370629	27	0037-W27	Sunday	186	05
0037-07-06	370706	370706	0037-07-06	0001-01-01	10101	1	1st	0037-01-01	370101	37	0037-01-01	0037-07-01	370701	2	0037-07-01	0037-05-01	370501	2	0037-05-01	0037-06-01	370601	3	0037-06-01	0037-07-01	370701	7	0037-07-01	0037-07-06	370706	28	0037-W28	Monday	187	06
0037-07-07	370707	370707	0037-07-07	0001-01-01	10101	1	1st	0037-01-01	370101	37	0037-01-01	0037-07-01	370701	2	0037-07-01	0037-05-01	370501	2	0037-05-01	0037-06-01	370601	3	0037-06-01	0037-07-01	370701	7	0037-07-01	0037-07-06	370706	28	0037-W28	Tuesday	188	07
0037-07-08	370708	370708	0037-07-08	0001-01-01	10101	1	1st	0037-01-01	370101	37	0037-01-01	0037-07-01	370701	2	0037-07-01	0037-05-01	370501	2	0037-05-01	0037-06-01	370601	3	0037-06-01	0037-07-01	370701	7	0037-07-01	0037-07-06	370706	28	0037-W28	Wednesday	189	08
0037-07-09	370709	370709	0037-07-09	0001-01-01	10101	1	1st	0037-01-01	370101	37	0037-01-01	0037-07-01	370701	2	0037-07-01	0037-05-01	370501	2	0037-05-01	0037-06-01	370601	3	0037-06-01	0037-07-01	370701	7	0037-07-01	0037-07-06	370706	28	0037-W28	Thursday	190	09
0037-07-10	370710	370710	0037-07-10	0001-01-01	10101	1	1st	0037-01-01	370101	37	0037-01-01	0037-07-01	370701	2	0037-07-01	0037-05-01	370501	2	0037-05-01	0037-06-01	370601	3	0037-06-01	0037-07-01	370701	7	0037-07-01	0037-07-06	370706	28	0037-W28	Friday	191	10
0037-07-11	370711	370711	0037-07-11	0001-01-01	10101	1	1st	0037-01-01	370101	37	0037-01-01	0037-07-01	370701	2	0037-07-01	0037-05-01	370501	2	0037-05-01	0037-06-01	370601	3	0037-06-01	0037-07-01	370701	7	0037-07-01	0037-07-06	370706	28	0037-W28	Saturday	192	11
0037-07-12	370712	370712	0037-07-12	0001-01-01	10101	1	1st	0037-01-01	370101	37	0037-01-01	0037-07-01	370701	2	0037-07-01	0037-05-01	370501	2	0037-05-01	0037-06-01	370601	3	0037-06-01	0037-07-01	370701	7	0037-07-01	0037-07-06	370706	28	0037-W28	Sunday	193	12
0037-07-13	370713	370713	0037-07-13	0001-01-01	10101	1	1st	0037-01-01	370101	37	0037-01-01	0037-07-01	370701	2	0037-07-01	0037-05-01	370501	2	0037-05-01	0037-06-01	370601	3	0037-06-01	0037-07-01	370701	7	0037-07-01	0037-07-13	370713	29	0037-W29	Monday	194	13
0037-07-14	370714	370714	0037-07-14	0001-01-01	10101	1	1st	0037-01-01	370101	37	0037-01-01	0037-07-01	370701	2	0037-07-01	0037-05-01	370501	2	0037-05-01	0037-06-01	370601	3	0037-06-01	0037-07-01	370701	7	0037-07-01	0037-07-13	370713	29	0037-W29	Tuesday	195	14
0037-07-15	370715	370715	0037-07-15	0001-01-01	10101	1	1st	0037-01-01	370101	37	0037-01-01	0037-07-01	370701	2	0037-07-01	0037-05-01	370501	2	0037-05-01	0037-06-01	370601	3	0037-06-01	0037-07-01	370701	7	0037-07-01	0037-07-13	370713	29	0037-W29	Wednesday	196	15
0037-07-16	370716	370716	0037-07-16	0001-01-01	10101	1	1st	0037-01-01	370101	37	0037-01-01	0037-07-01	370701	2	0037-07-01	0037-05-01	370501	2	0037-05-01	0037-06-01	370601	3	0037-06-01	0037-07-01	370701	7	0037-07-01	0037-07-13	370713	29	0037-W29	Thursday	197	16
0037-07-17	370717	370717	0037-07-17	0001-01-01	10101	1	1st	0037-01-01	370101	37	0037-01-01	0037-07-01	370701	2	0037-07-01	0037-05-01	370501	2	0037-05-01	0037-06-01	370601	3	0037-06-01	0037-07-01	370701	7	0037-07-01	0037-07-13	370713	29	0037-W29	Friday	198	17
0037-07-18	370718	370718	0037-07-18	0001-01-01	10101	1	1st	0037-01-01	370101	37	0037-01-01	0037-07-01	370701	2	0037-07-01	0037-05-01	370501	2	0037-05-01	0037-06-01	370601	3	0037-06-01	0037-07-01	370701	7	0037-07-01	0037-07-13	370713	29	0037-W29	Saturday	199	18
0037-07-19	370719	370719	0037-07-19	0001-01-01	10101	1	1st	0037-01-01	370101	37	0037-01-01	0037-07-01	370701	2	0037-07-01	0037-05-01	370501	2	0037-05-01	0037-06-01	370601	3	0037-06-01	0037-07-01	370701	7	0037-07-01	0037-07-13	370713	29	0037-W29	Sunday	200	19
0037-07-20	370720	370720	0037-07-20	0001-01-01	10101	1	1st	0037-01-01	370101	37	0037-01-01	0037-07-01	370701	2	0037-07-01	0037-05-01	370501	2	0037-05-01	0037-06-01	370601	3	0037-06-01	0037-07-01	370701	7	0037-07-01	0037-07-20	370720	30	0037-W30	Monday	201	20
0037-07-21	370721	370721	0037-07-21	0001-01-01	10101	1	1st	0037-01-01	370101	37	0037-01-01	0037-07-01	370701	2	0037-07-01	0037-05-01	370501	2	0037-05-01	0037-06-01	370601	3	0037-06-01	0037-07-01	370701	7	0037-07-01	0037-07-20	370720	30	0037-W30	Tuesday	202	21
0037-07-22	370722	370722	0037-07-22	0001-01-01	10101	1	1st	0037-01-01	370101	37	0037-01-01	0037-07-01	370701	2	0037-07-01	0037-05-01	370501	2	0037-05-01	0037-06-01	370601	3	0037-06-01	0037-07-01	370701	7	0037-07-01	0037-07-20	370720	30	0037-W30	Wednesday	203	22
0037-07-23	370723	370723	0037-07-23	0001-01-01	10101	1	1st	0037-01-01	370101	37	0037-01-01	0037-07-01	370701	2	0037-07-01	0037-05-01	370501	2	0037-05-01	0037-06-01	370601	3	0037-06-01	0037-07-01	370701	7	0037-07-01	0037-07-20	370720	30	0037-W30	Thursday	204	23
0037-07-24	370724	370724	0037-07-24	0001-01-01	10101	1	1st	0037-01-01	370101	37	0037-01-01	0037-07-01	370701	2	0037-07-01	0037-05-01	370501	2	0037-05-01	0037-06-01	370601	3	0037-06-01	0037-07-01	370701	7	0037-07-01	0037-07-20	370720	30	0037-W30	Friday	205	24
0037-07-25	370725	370725	0037-07-25	0001-01-01	10101	1	1st	0037-01-01	370101	37	0037-01-01	0037-07-01	370701	2	0037-07-01	0037-05-01	370501	2	0037-05-01	0037-06-01	370601	3	0037-06-01	0037-07-01	370701	7	0037-07-01	0037-07-20	370720	30	0037-W30	Saturday	206	25
0037-07-26	370726	370726	0037-07-26	0001-01-01	10101	1	1st	0037-01-01	370101	37	0037-01-01	0037-07-01	370701	2	0037-07-01	0037-05-01	370501	2	0037-05-01	0037-06-01	370601	3	0037-06-01	0037-07-01	370701	7	0037-07-01	0037-07-20	370720	30	0037-W30	Sunday	207	26
0037-07-27	370727	370727	0037-07-27	0001-01-01	10101	1	1st	0037-01-01	370101	37	0037-01-01	0037-07-01	370701	2	0037-07-01	0037-05-01	370501	2	0037-05-01	0037-06-01	370601	3	0037-06-01	0037-07-01	370701	7	0037-07-01	0037-07-27	370727	31	0037-W31	Monday	208	27
0037-07-28	370728	370728	0037-07-28	0001-01-01	10101	1	1st	0037-01-01	370101	37	0037-01-01	0037-07-01	370701	2	0037-07-01	0037-05-01	370501	2	0037-05-01	0037-06-01	370601	3	0037-06-01	0037-07-01	370701	7	0037-07-01	0037-07-27	370727	31	0037-W31	Tuesday	209	28
0037-07-29	370729	370729	0037-07-29	0001-01-01	10101	1	1st	0037-01-01	370101	37	0037-01-01	0037-07-01	370701	2	0037-07-01	0037-05-01	370501	2	0037-05-01	0037-06-01	370601	3	0037-06-01	0037-07-01	370701	7	0037-07-01	0037-07-27	370727	31	0037-W31	Wednesday	210	29
0037-07-30	370730	370730	0037-07-30	0001-01-01	10101	1	1st	0037-01-01	370101	37	0037-01-01	0037-07-01	370701	2	0037-07-01	0037-05-01	370501	2	0037-05-01	0037-06-01	370601	3	0037-06-01	0037-07-01	370701	7	0037-07-01	0037-07-27	370727	31	0037-W31	Thursday	211	30
0037-07-31	370731	370731	0037-07-31	0001-01-01	10101	1	1st	0037-01-01	370101	37	0037-01-01	0037-07-01	370701	2	0037-07-01	0037-05-01	370501	2	0037-05-01	0037-06-01	370601	3	0037-06-01	0037-07-01	370701	7	0037-07-01	0037-07-27	370727	31	0037-W31	Friday	212	31
0037-08-01	370801	370801	0037-08-01	0001-01-01	10101	1	1st	0037-01-01	370101	37	0037-01-01	0037-07-01	370701	2	0037-07-01	0037-05-01	370501	2	0037-05-01	0037-06-01	370601	3	0037-06-01	0037-08-01	370801	8	0037-08-01	0037-07-27	370727	31	0037-W31	Saturday	213	01
0037-08-02	370802	370802	0037-08-02	0001-01-01	10101	1	1st	0037-01-01	370101	37	0037-01-01	0037-07-01	370701	2	0037-07-01	0037-05-01	370501	2	0037-05-01	0037-06-01	370601	3	0037-06-01	0037-08-01	370801	8	0037-08-01	0037-07-27	370727	31	0037-W31	Sunday	214	02
0037-08-03	370803	370803	0037-08-03	0001-01-01	10101	1	1st	0037-01-01	370101	37	0037-01-01	0037-07-01	370701	2	0037-07-01	0037-05-01	370501	2	0037-05-01	0037-06-01	370601	3	0037-06-01	0037-08-01	370801	8	0037-08-01	0037-08-03	370803	32	0037-W32	Monday	215	03
0037-08-04	370804	370804	0037-08-04	0001-01-01	10101	1	1st	0037-01-01	370101	37	0037-01-01	0037-07-01	370701	2	0037-07-01	0037-05-01	370501	2	0037-05-01	0037-06-01	370601	3	0037-06-01	0037-08-01	370801	8	0037-08-01	0037-08-03	370803	32	0037-W32	Tuesday	216	04
0037-08-05	370805	370805	0037-08-05	0001-01-01	10101	1	1st	0037-01-01	370101	37	0037-01-01	0037-07-01	370701	2	0037-07-01	0037-05-01	370501	2	0037-05-01	0037-06-01	370601	3	0037-06-01	0037-08-01	370801	8	0037-08-01	0037-08-03	370803	32	0037-W32	Wednesday	217	05
0037-08-06	370806	370806	0037-08-06	0001-01-01	10101	1	1st	0037-01-01	370101	37	0037-01-01	0037-07-01	370701	2	0037-07-01	0037-05-01	370501	2	0037-05-01	0037-06-01	370601	3	0037-06-01	0037-08-01	370801	8	0037-08-01	0037-08-03	370803	32	0037-W32	Thursday	218	06
0037-08-07	370807	370807	0037-08-07	0001-01-01	10101	1	1st	0037-01-01	370101	37	0037-01-01	0037-07-01	370701	2	0037-07-01	0037-05-01	370501	2	0037-05-01	0037-06-01	370601	3	0037-06-01	0037-08-01	370801	8	0037-08-01	0037-08-03	370803	32	0037-W32	Friday	219	07
0037-08-08	370808	370808	0037-08-08	0001-01-01	10101	1	1st	0037-01-01	370101	37	0037-01-01	0037-07-01	370701	2	0037-07-01	0037-05-01	370501	2	0037-05-01	0037-06-01	370601	3	0037-06-01	0037-08-01	370801	8	0037-08-01	0037-08-03	370803	32	0037-W32	Saturday	220	08
0037-08-09	370809	370809	0037-08-09	0001-01-01	10101	1	1st	0037-01-01	370101	37	0037-01-01	0037-07-01	370701	2	0037-07-01	0037-05-01	370501	2	0037-05-01	0037-06-01	370601	3	0037-06-01	0037-08-01	370801	8	0037-08-01	0037-08-03	370803	32	0037-W32	Sunday	221	09
0037-08-10	370810	370810	0037-08-10	0001-01-01	10101	1	1st	0037-01-01	370101	37	0037-01-01	0037-07-01	370701	2	0037-07-01	0037-05-01	370501	2	0037-05-01	0037-06-01	370601	3	0037-06-01	0037-08-01	370801	8	0037-08-01	0037-08-10	370810	33	0037-W33	Monday	222	10
0037-08-11	370811	370811	0037-08-11	0001-01-01	10101	1	1st	0037-01-01	370101	37	0037-01-01	0037-07-01	370701	2	0037-07-01	0037-05-01	370501	2	0037-05-01	0037-06-01	370601	3	0037-06-01	0037-08-01	370801	8	0037-08-01	0037-08-10	370810	33	0037-W33	Tuesday	223	11
0037-08-12	370812	370812	0037-08-12	0001-01-01	10101	1	1st	0037-01-01	370101	37	0037-01-01	0037-07-01	370701	2	0037-07-01	0037-05-01	370501	2	0037-05-01	0037-06-01	370601	3	0037-06-01	0037-08-01	370801	8	0037-08-01	0037-08-10	370810	33	0037-W33	Wednesday	224	12
0037-08-13	370813	370813	0037-08-13	0001-01-01	10101	1	1st	0037-01-01	370101	37	0037-01-01	0037-07-01	370701	2	0037-07-01	0037-05-01	370501	2	0037-05-01	0037-06-01	370601	3	0037-06-01	0037-08-01	370801	8	0037-08-01	0037-08-10	370810	33	0037-W33	Thursday	225	13
0037-08-14	370814	370814	0037-08-14	0001-01-01	10101	1	1st	0037-01-01	370101	37	0037-01-01	0037-07-01	370701	2	0037-07-01	0037-05-01	370501	2	0037-05-01	0037-06-01	370601	3	0037-06-01	0037-08-01	370801	8	0037-08-01	0037-08-10	370810	33	0037-W33	Friday	226	14
0037-08-15	370815	370815	0037-08-15	0001-01-01	10101	1	1st	0037-01-01	370101	37	0037-01-01	0037-07-01	370701	2	0037-07-01	0037-05-01	370501	2	0037-05-01	0037-06-01	370601	3	0037-06-01	0037-08-01	370801	8	0037-08-01	0037-08-10	370810	33	0037-W33	Saturday	227	15
0037-08-16	370816	370816	0037-08-16	0001-01-01	10101	1	1st	0037-01-01	370101	37	0037-01-01	0037-07-01	370701	2	0037-07-01	0037-05-01	370501	2	0037-05-01	0037-06-01	370601	3	0037-06-01	0037-08-01	370801	8	0037-08-01	0037-08-10	370810	33	0037-W33	Sunday	228	16
0037-08-17	370817	370817	0037-08-17	0001-01-01	10101	1	1st	0037-01-01	370101	37	0037-01-01	0037-07-01	370701	2	0037-07-01	0037-05-01	370501	2	0037-05-01	0037-06-01	370601	3	0037-06-01	0037-08-01	370801	8	0037-08-01	0037-08-17	370817	34	0037-W34	Monday	229	17
0037-08-18	370818	370818	0037-08-18	0001-01-01	10101	1	1st	0037-01-01	370101	37	0037-01-01	0037-07-01	370701	2	0037-07-01	0037-05-01	370501	2	0037-05-01	0037-06-01	370601	3	0037-06-01	0037-08-01	370801	8	0037-08-01	0037-08-17	370817	34	0037-W34	Tuesday	230	18
0037-08-19	370819	370819	0037-08-19	0001-01-01	10101	1	1st	0037-01-01	370101	37	0037-01-01	0037-07-01	370701	2	0037-07-01	0037-05-01	370501	2	0037-05-01	0037-06-01	370601	3	0037-06-01	0037-08-01	370801	8	0037-08-01	0037-08-17	370817	34	0037-W34	Wednesday	231	19
0037-08-20	370820	370820	0037-08-20	0001-01-01	10101	1	1st	0037-01-01	370101	37	0037-01-01	0037-07-01	370701	2	0037-07-01	0037-05-01	370501	2	0037-05-01	0037-06-01	370601	3	0037-06-01	0037-08-01	370801	8	0037-08-01	0037-08-17	370817	34	0037-W34	Thursday	232	20
0037-08-21	370821	370821	0037-08-21	0001-01-01	10101	1	1st	0037-01-01	370101	37	0037-01-01	0037-07-01	370701	2	0037-07-01	0037-05-01	370501	2	0037-05-01	0037-06-01	370601	3	0037-06-01	0037-08-01	370801	8	0037-08-01	0037-08-17	370817	34	0037-W34	Friday	233	21
0037-08-22	370822	370822	0037-08-22	0001-01-01	10101	1	1st	0037-01-01	370101	37	0037-01-01	0037-07-01	370701	2	0037-07-01	0037-05-01	370501	2	0037-05-01	0037-06-01	370601	3	0037-06-01	0037-08-01	370801	8	0037-08-01	0037-08-17	370817	34	0037-W34	Saturday	234	22
0037-08-23	370823	370823	0037-08-23	0001-01-01	10101	1	1st	0037-01-01	370101	37	0037-01-01	0037-07-01	370701	2	0037-07-01	0037-05-01	370501	2	0037-05-01	0037-06-01	370601	3	0037-06-01	0037-08-01	370801	8	0037-08-01	0037-08-17	370817	34	0037-W34	Sunday	235	23
0037-08-24	370824	370824	0037-08-24	0001-01-01	10101	1	1st	0037-01-01	370101	37	0037-01-01	0037-07-01	370701	2	0037-07-01	0037-05-01	370501	2	0037-05-01	0037-06-01	370601	3	0037-06-01	0037-08-01	370801	8	0037-08-01	0037-08-24	370824	35	0037-W35	Monday	236	24
0037-08-25	370825	370825	0037-08-25	0001-01-01	10101	1	1st	0037-01-01	370101	37	0037-01-01	0037-07-01	370701	2	0037-07-01	0037-05-01	370501	2	0037-05-01	0037-06-01	370601	3	0037-06-01	0037-08-01	370801	8	0037-08-01	0037-08-24	370824	35	0037-W35	Tuesday	237	25
0037-08-26	370826	370826	0037-08-26	0001-01-01	10101	1	1st	0037-01-01	370101	37	0037-01-01	0037-07-01	370701	2	0037-07-01	0037-05-01	370501	2	0037-05-01	0037-06-01	370601	3	0037-06-01	0037-08-01	370801	8	0037-08-01	0037-08-24	370824	35	0037-W35	Wednesday	238	26
0037-08-27	370827	370827	0037-08-27	0001-01-01	10101	1	1st	0037-01-01	370101	37	0037-01-01	0037-07-01	370701	2	0037-07-01	0037-05-01	370501	2	0037-05-01	0037-06-01	370601	3	0037-06-01	0037-08-01	370801	8	0037-08-01	0037-08-24	370824	35	0037-W35	Thursday	239	27
0037-08-28	370828	370828	0037-08-28	0001-01-01	10101	1	1st	0037-01-01	370101	37	0037-01-01	0037-07-01	370701	2	0037-07-01	0037-05-01	370501	2	0037-05-01	0037-06-01	370601	3	0037-06-01	0037-08-01	370801	8	0037-08-01	0037-08-24	370824	35	0037-W35	Friday	240	28
0037-08-29	370829	370829	0037-08-29	0001-01-01	10101	1	1st	0037-01-01	370101	37	0037-01-01	0037-07-01	370701	2	0037-07-01	0037-05-01	370501	2	0037-05-01	0037-06-01	370601	3	0037-06-01	0037-08-01	370801	8	0037-08-01	0037-08-24	370824	35	0037-W35	Saturday	241	29
0037-08-30	370830	370830	0037-08-30	0001-01-01	10101	1	1st	0037-01-01	370101	37	0037-01-01	0037-07-01	370701	2	0037-07-01	0037-05-01	370501	2	0037-05-01	0037-06-01	370601	3	0037-06-01	0037-08-01	370801	8	0037-08-01	0037-08-24	370824	35	0037-W35	Sunday	242	30
0037-08-31	370831	370831	0037-08-31	0001-01-01	10101	1	1st	0037-01-01	370101	37	0037-01-01	0037-07-01	370701	2	0037-07-01	0037-05-01	370501	2	0037-05-01	0037-06-01	370601	3	0037-06-01	0037-08-01	370801	8	0037-08-01	0037-08-31	370831	36	0037-W36	Monday	243	31
0037-09-01	370901	370901	0037-09-01	0001-01-01	10101	1	1st	0037-01-01	370101	37	0037-01-01	0037-07-01	370701	2	0037-07-01	0037-09-01	370901	3	0037-09-01	0037-06-01	370601	3	0037-06-01	0037-09-01	370901	9	0037-09-01	0037-08-31	370831	36	0037-W36	Tuesday	244	01
0037-09-02	370902	370902	0037-09-02	0001-01-01	10101	1	1st	0037-01-01	370101	37	0037-01-01	0037-07-01	370701	2	0037-07-01	0037-09-01	370901	3	0037-09-01	0037-06-01	370601	3	0037-06-01	0037-09-01	370901	9	0037-09-01	0037-08-31	370831	36	0037-W36	Wednesday	245	02
0037-09-03	370903	370903	0037-09-03	0001-01-01	10101	1	1st	0037-01-01	370101	37	0037-01-01	0037-07-01	370701	2	0037-07-01	0037-09-01	370901	3	0037-09-01	0037-06-01	370601	3	0037-06-01	0037-09-01	370901	9	0037-09-01	0037-08-31	370831	36	0037-W36	Thursday	246	03
0037-09-04	370904	370904	0037-09-04	0001-01-01	10101	1	1st	0037-01-01	370101	37	0037-01-01	0037-07-01	370701	2	0037-07-01	0037-09-01	370901	3	0037-09-01	0037-06-01	370601	3	0037-06-01	0037-09-01	370901	9	0037-09-01	0037-08-31	370831	36	0037-W36	Friday	247	04
0037-09-05	370905	370905	0037-09-05	0001-01-01	10101	1	1st	0037-01-01	370101	37	0037-01-01	0037-07-01	370701	2	0037-07-01	0037-09-01	370901	3	0037-09-01	0037-06-01	370601	3	0037-06-01	0037-09-01	370901	9	0037-09-01	0037-08-31	370831	36	0037-W36	Saturday	248	05
0037-09-06	370906	370906	0037-09-06	0001-01-01	10101	1	1st	0037-01-01	370101	37	0037-01-01	0037-07-01	370701	2	0037-07-01	0037-09-01	370901	3	0037-09-01	0037-06-01	370601	3	0037-06-01	0037-09-01	370901	9	0037-09-01	0037-08-31	370831	36	0037-W36	Sunday	249	06
0037-09-07	370907	370907	0037-09-07	0001-01-01	10101	1	1st	0037-01-01	370101	37	0037-01-01	0037-07-01	370701	2	0037-07-01	0037-09-01	370901	3	0037-09-01	0037-06-01	370601	3	0037-06-01	0037-09-01	370901	9	0037-09-01	0037-09-07	370907	37	0037-W37	Monday	250	07
0037-09-08	370908	370908	0037-09-08	0001-01-01	10101	1	1st	0037-01-01	370101	37	0037-01-01	0037-07-01	370701	2	0037-07-01	0037-09-01	370901	3	0037-09-01	0037-06-01	370601	3	0037-06-01	0037-09-01	370901	9	0037-09-01	0037-09-07	370907	37	0037-W37	Tuesday	251	08
0037-09-09	370909	370909	0037-09-09	0001-01-01	10101	1	1st	0037-01-01	370101	37	0037-01-01	0037-07-01	370701	2	0037-07-01	0037-09-01	370901	3	0037-09-01	0037-06-01	370601	3	0037-06-01	0037-09-01	370901	9	0037-09-01	0037-09-07	370907	37	0037-W37	Wednesday	252	09
0037-09-10	370910	370910	0037-09-10	0001-01-01	10101	1	1st	0037-01-01	370101	37	0037-01-01	0037-07-01	370701	2	0037-07-01	0037-09-01	370901	3	0037-09-01	0037-06-01	370601	3	0037-06-01	0037-09-01	370901	9	0037-09-01	0037-09-07	370907	37	0037-W37	Thursday	253	10
0037-09-11	370911	370911	0037-09-11	0001-01-01	10101	1	1st	0037-01-01	370101	37	0037-01-01	0037-07-01	370701	2	0037-07-01	0037-09-01	370901	3	0037-09-01	0037-06-01	370601	3	0037-06-01	0037-09-01	370901	9	0037-09-01	0037-09-07	370907	37	0037-W37	Friday	254	11
0037-09-12	370912	370912	0037-09-12	0001-01-01	10101	1	1st	0037-01-01	370101	37	0037-01-01	0037-07-01	370701	2	0037-07-01	0037-09-01	370901	3	0037-09-01	0037-06-01	370601	3	0037-06-01	0037-09-01	370901	9	0037-09-01	0037-09-07	370907	37	0037-W37	Saturday	255	12
0037-09-13	370913	370913	0037-09-13	0001-01-01	10101	1	1st	0037-01-01	370101	37	0037-01-01	0037-07-01	370701	2	0037-07-01	0037-09-01	370901	3	0037-09-01	0037-06-01	370601	3	0037-06-01	0037-09-01	370901	9	0037-09-01	0037-09-07	370907	37	0037-W37	Sunday	256	13
0037-09-14	370914	370914	0037-09-14	0001-01-01	10101	1	1st	0037-01-01	370101	37	0037-01-01	0037-07-01	370701	2	0037-07-01	0037-09-01	370901	3	0037-09-01	0037-06-01	370601	3	0037-06-01	0037-09-01	370901	9	0037-09-01	0037-09-14	370914	38	0037-W38	Monday	257	14
0037-09-15	370915	370915	0037-09-15	0001-01-01	10101	1	1st	0037-01-01	370101	37	0037-01-01	0037-07-01	370701	2	0037-07-01	0037-09-01	370901	3	0037-09-01	0037-06-01	370601	3	0037-06-01	0037-09-01	370901	9	0037-09-01	0037-09-14	370914	38	0037-W38	Tuesday	258	15
0037-09-16	370916	370916	0037-09-16	0001-01-01	10101	1	1st	0037-01-01	370101	37	0037-01-01	0037-07-01	370701	2	0037-07-01	0037-09-01	370901	3	0037-09-01	0037-06-01	370601	3	0037-06-01	0037-09-01	370901	9	0037-09-01	0037-09-14	370914	38	0037-W38	Wednesday	259	16
0037-09-17	370917	370917	0037-09-17	0001-01-01	10101	1	1st	0037-01-01	370101	37	0037-01-01	0037-07-01	370701	2	0037-07-01	0037-09-01	370901	3	0037-09-01	0037-06-01	370601	3	0037-06-01	0037-09-01	370901	9	0037-09-01	0037-09-14	370914	38	0037-W38	Thursday	260	17
0037-09-18	370918	370918	0037-09-18	0001-01-01	10101	1	1st	0037-01-01	370101	37	0037-01-01	0037-07-01	370701	2	0037-07-01	0037-09-01	370901	3	0037-09-01	0037-06-01	370601	3	0037-06-01	0037-09-01	370901	9	0037-09-01	0037-09-14	370914	38	0037-W38	Friday	261	18
0037-09-19	370919	370919	0037-09-19	0001-01-01	10101	1	1st	0037-01-01	370101	37	0037-01-01	0037-07-01	370701	2	0037-07-01	0037-09-01	370901	3	0037-09-01	0037-06-01	370601	3	0037-06-01	0037-09-01	370901	9	0037-09-01	0037-09-14	370914	38	0037-W38	Saturday	262	19
0037-09-20	370920	370920	0037-09-20	0001-01-01	10101	1	1st	0037-01-01	370101	37	0037-01-01	0037-07-01	370701	2	0037-07-01	0037-09-01	370901	3	0037-09-01	0037-06-01	370601	3	0037-06-01	0037-09-01	370901	9	0037-09-01	0037-09-14	370914	38	0037-W38	Sunday	263	20
0037-09-21	370921	370921	0037-09-21	0001-01-01	10101	1	1st	0037-01-01	370101	37	0037-01-01	0037-07-01	370701	2	0037-07-01	0037-09-01	370901	3	0037-09-01	0037-06-01	370601	3	0037-06-01	0037-09-01	370901	9	0037-09-01	0037-09-21	370921	39	0037-W39	Monday	264	21
0037-09-22	370922	370922	0037-09-22	0001-01-01	10101	1	1st	0037-01-01	370101	37	0037-01-01	0037-07-01	370701	2	0037-07-01	0037-09-01	370901	3	0037-09-01	0037-06-01	370601	3	0037-06-01	0037-09-01	370901	9	0037-09-01	0037-09-21	370921	39	0037-W39	Tuesday	265	22
0037-09-23	370923	370923	0037-09-23	0001-01-01	10101	1	1st	0037-01-01	370101	37	0037-01-01	0037-07-01	370701	2	0037-07-01	0037-09-01	370901	3	0037-09-01	0037-06-01	370601	3	0037-06-01	0037-09-01	370901	9	0037-09-01	0037-09-21	370921	39	0037-W39	Wednesday	266	23
0037-09-24	370924	370924	0037-09-24	0001-01-01	10101	1	1st	0037-01-01	370101	37	0037-01-01	0037-07-01	370701	2	0037-07-01	0037-09-01	370901	3	0037-09-01	0037-06-01	370601	3	0037-06-01	0037-09-01	370901	9	0037-09-01	0037-09-21	370921	39	0037-W39	Thursday	267	24
0037-09-25	370925	370925	0037-09-25	0001-01-01	10101	1	1st	0037-01-01	370101	37	0037-01-01	0037-07-01	370701	2	0037-07-01	0037-09-01	370901	3	0037-09-01	0037-06-01	370601	3	0037-06-01	0037-09-01	370901	9	0037-09-01	0037-09-21	370921	39	0037-W39	Friday	268	25
0037-09-26	370926	370926	0037-09-26	0001-01-01	10101	1	1st	0037-01-01	370101	37	0037-01-01	0037-07-01	370701	2	0037-07-01	0037-09-01	370901	3	0037-09-01	0037-06-01	370601	3	0037-06-01	0037-09-01	370901	9	0037-09-01	0037-09-21	370921	39	0037-W39	Saturday	269	26
0037-09-27	370927	370927	0037-09-27	0001-01-01	10101	1	1st	0037-01-01	370101	37	0037-01-01	0037-07-01	370701	2	0037-07-01	0037-09-01	370901	3	0037-09-01	0037-06-01	370601	3	0037-06-01	0037-09-01	370901	9	0037-09-01	0037-09-21	370921	39	0037-W39	Sunday	270	27
0037-09-28	370928	370928	0037-09-28	0001-01-01	10101	1	1st	0037-01-01	370101	37	0037-01-01	0037-07-01	370701	2	0037-07-01	0037-09-01	370901	3	0037-09-01	0037-06-01	370601	3	0037-06-01	0037-09-01	370901	9	0037-09-01	0037-09-28	370928	40	0037-W40	Monday	271	28
0037-09-29	370929	370929	0037-09-29	0001-01-01	10101	1	1st	0037-01-01	370101	37	0037-01-01	0037-07-01	370701	2	0037-07-01	0037-09-01	370901	3	0037-09-01	0037-06-01	370601	3	0037-06-01	0037-09-01	370901	9	0037-09-01	0037-09-28	370928	40	0037-W40	Tuesday	272	29
0037-09-30	370930	370930	0037-09-30	0001-01-01	10101	1	1st	0037-01-01	370101	37	0037-01-01	0037-07-01	370701	2	0037-07-01	0037-09-01	370901	3	0037-09-01	0037-06-01	370601	3	0037-06-01	0037-09-01	370901	9	0037-09-01	0037-09-28	370928	40	0037-W40	Wednesday	273	30
0037-10-01	371001	371001	0037-10-01	0001-01-01	10101	1	1st	0037-01-01	370101	37	0037-01-01	0037-07-01	370701	2	0037-07-01	0037-09-01	370901	3	0037-09-01	0037-10-01	371001	4	0037-10-01	0037-10-01	371001	10	0037-10-01	0037-09-28	370928	40	0037-W40	Thursday	274	01
0037-10-02	371002	371002	0037-10-02	0001-01-01	10101	1	1st	0037-01-01	370101	37	0037-01-01	0037-07-01	370701	2	0037-07-01	0037-09-01	370901	3	0037-09-01	0037-10-01	371001	4	0037-10-01	0037-10-01	371001	10	0037-10-01	0037-09-28	370928	40	0037-W40	Friday	275	02
0037-10-03	371003	371003	0037-10-03	0001-01-01	10101	1	1st	0037-01-01	370101	37	0037-01-01	0037-07-01	370701	2	0037-07-01	0037-09-01	370901	3	0037-09-01	0037-10-01	371001	4	0037-10-01	0037-10-01	371001	10	0037-10-01	0037-09-28	370928	40	0037-W40	Saturday	276	03
0037-10-04	371004	371004	0037-10-04	0001-01-01	10101	1	1st	0037-01-01	370101	37	0037-01-01	0037-07-01	370701	2	0037-07-01	0037-09-01	370901	3	0037-09-01	0037-10-01	371001	4	0037-10-01	0037-10-01	371001	10	0037-10-01	0037-09-28	370928	40	0037-W40	Sunday	277	04
0037-10-05	371005	371005	0037-10-05	0001-01-01	10101	1	1st	0037-01-01	370101	37	0037-01-01	0037-07-01	370701	2	0037-07-01	0037-09-01	370901	3	0037-09-01	0037-10-01	371001	4	0037-10-01	0037-10-01	371001	10	0037-10-01	0037-10-05	371005	41	0037-W41	Monday	278	05
0037-10-06	371006	371006	0037-10-06	0001-01-01	10101	1	1st	0037-01-01	370101	37	0037-01-01	0037-07-01	370701	2	0037-07-01	0037-09-01	370901	3	0037-09-01	0037-10-01	371001	4	0037-10-01	0037-10-01	371001	10	0037-10-01	0037-10-05	371005	41	0037-W41	Tuesday	279	06
0037-10-07	371007	371007	0037-10-07	0001-01-01	10101	1	1st	0037-01-01	370101	37	0037-01-01	0037-07-01	370701	2	0037-07-01	0037-09-01	370901	3	0037-09-01	0037-10-01	371001	4	0037-10-01	0037-10-01	371001	10	0037-10-01	0037-10-05	371005	41	0037-W41	Wednesday	280	07
0037-10-08	371008	371008	0037-10-08	0001-01-01	10101	1	1st	0037-01-01	370101	37	0037-01-01	0037-07-01	370701	2	0037-07-01	0037-09-01	370901	3	0037-09-01	0037-10-01	371001	4	0037-10-01	0037-10-01	371001	10	0037-10-01	0037-10-05	371005	41	0037-W41	Thursday	281	08
0037-10-09	371009	371009	0037-10-09	0001-01-01	10101	1	1st	0037-01-01	370101	37	0037-01-01	0037-07-01	370701	2	0037-07-01	0037-09-01	370901	3	0037-09-01	0037-10-01	371001	4	0037-10-01	0037-10-01	371001	10	0037-10-01	0037-10-05	371005	41	0037-W41	Friday	282	09
0037-10-10	371010	371010	0037-10-10	0001-01-01	10101	1	1st	0037-01-01	370101	37	0037-01-01	0037-07-01	370701	2	0037-07-01	0037-09-01	370901	3	0037-09-01	0037-10-01	371001	4	0037-10-01	0037-10-01	371001	10	0037-10-01	0037-10-05	371005	41	0037-W41	Saturday	283	10
0037-10-11	371011	371011	0037-10-11	0001-01-01	10101	1	1st	0037-01-01	370101	37	0037-01-01	0037-07-01	370701	2	0037-07-01	0037-09-01	370901	3	0037-09-01	0037-10-01	371001	4	0037-10-01	0037-10-01	371001	10	0037-10-01	0037-10-05	371005	41	0037-W41	Sunday	284	11
0037-10-12	371012	371012	0037-10-12	0001-01-01	10101	1	1st	0037-01-01	370101	37	0037-01-01	0037-07-01	370701	2	0037-07-01	0037-09-01	370901	3	0037-09-01	0037-10-01	371001	4	0037-10-01	0037-10-01	371001	10	0037-10-01	0037-10-12	371012	42	0037-W42	Monday	285	12
0037-10-13	371013	371013	0037-10-13	0001-01-01	10101	1	1st	0037-01-01	370101	37	0037-01-01	0037-07-01	370701	2	0037-07-01	0037-09-01	370901	3	0037-09-01	0037-10-01	371001	4	0037-10-01	0037-10-01	371001	10	0037-10-01	0037-10-12	371012	42	0037-W42	Tuesday	286	13
0037-10-14	371014	371014	0037-10-14	0001-01-01	10101	1	1st	0037-01-01	370101	37	0037-01-01	0037-07-01	370701	2	0037-07-01	0037-09-01	370901	3	0037-09-01	0037-10-01	371001	4	0037-10-01	0037-10-01	371001	10	0037-10-01	0037-10-12	371012	42	0037-W42	Wednesday	287	14
0037-10-15	371015	371015	0037-10-15	0001-01-01	10101	1	1st	0037-01-01	370101	37	0037-01-01	0037-07-01	370701	2	0037-07-01	0037-09-01	370901	3	0037-09-01	0037-10-01	371001	4	0037-10-01	0037-10-01	371001	10	0037-10-01	0037-10-12	371012	42	0037-W42	Thursday	288	15
0037-10-16	371016	371016	0037-10-16	0001-01-01	10101	1	1st	0037-01-01	370101	37	0037-01-01	0037-07-01	370701	2	0037-07-01	0037-09-01	370901	3	0037-09-01	0037-10-01	371001	4	0037-10-01	0037-10-01	371001	10	0037-10-01	0037-10-12	371012	42	0037-W42	Friday	289	16
0037-10-17	371017	371017	0037-10-17	0001-01-01	10101	1	1st	0037-01-01	370101	37	0037-01-01	0037-07-01	370701	2	0037-07-01	0037-09-01	370901	3	0037-09-01	0037-10-01	371001	4	0037-10-01	0037-10-01	371001	10	0037-10-01	0037-10-12	371012	42	0037-W42	Saturday	290	17
0037-10-18	371018	371018	0037-10-18	0001-01-01	10101	1	1st	0037-01-01	370101	37	0037-01-01	0037-07-01	370701	2	0037-07-01	0037-09-01	370901	3	0037-09-01	0037-10-01	371001	4	0037-10-01	0037-10-01	371001	10	0037-10-01	0037-10-12	371012	42	0037-W42	Sunday	291	18
0037-10-19	371019	371019	0037-10-19	0001-01-01	10101	1	1st	0037-01-01	370101	37	0037-01-01	0037-07-01	370701	2	0037-07-01	0037-09-01	370901	3	0037-09-01	0037-10-01	371001	4	0037-10-01	0037-10-01	371001	10	0037-10-01	0037-10-19	371019	43	0037-W43	Monday	292	19
0037-10-20	371020	371020	0037-10-20	0001-01-01	10101	1	1st	0037-01-01	370101	37	0037-01-01	0037-07-01	370701	2	0037-07-01	0037-09-01	370901	3	0037-09-01	0037-10-01	371001	4	0037-10-01	0037-10-01	371001	10	0037-10-01	0037-10-19	371019	43	0037-W43	Tuesday	293	20
0037-10-21	371021	371021	0037-10-21	0001-01-01	10101	1	1st	0037-01-01	370101	37	0037-01-01	0037-07-01	370701	2	0037-07-01	0037-09-01	370901	3	0037-09-01	0037-10-01	371001	4	0037-10-01	0037-10-01	371001	10	0037-10-01	0037-10-19	371019	43	0037-W43	Wednesday	294	21
0037-10-22	371022	371022	0037-10-22	0001-01-01	10101	1	1st	0037-01-01	370101	37	0037-01-01	0037-07-01	370701	2	0037-07-01	0037-09-01	370901	3	0037-09-01	0037-10-01	371001	4	0037-10-01	0037-10-01	371001	10	0037-10-01	0037-10-19	371019	43	0037-W43	Thursday	295	22
0037-10-23	371023	371023	0037-10-23	0001-01-01	10101	1	1st	0037-01-01	370101	37	0037-01-01	0037-07-01	370701	2	0037-07-01	0037-09-01	370901	3	0037-09-01	0037-10-01	371001	4	0037-10-01	0037-10-01	371001	10	0037-10-01	0037-10-19	371019	43	0037-W43	Friday	296	23
0037-10-24	371024	371024	0037-10-24	0001-01-01	10101	1	1st	0037-01-01	370101	37	0037-01-01	0037-07-01	370701	2	0037-07-01	0037-09-01	370901	3	0037-09-01	0037-10-01	371001	4	0037-10-01	0037-10-01	371001	10	0037-10-01	0037-10-19	371019	43	0037-W43	Saturday	297	24
0037-10-25	371025	371025	0037-10-25	0001-01-01	10101	1	1st	0037-01-01	370101	37	0037-01-01	0037-07-01	370701	2	0037-07-01	0037-09-01	370901	3	0037-09-01	0037-10-01	371001	4	0037-10-01	0037-10-01	371001	10	0037-10-01	0037-10-19	371019	43	0037-W43	Sunday	298	25
0037-10-26	371026	371026	0037-10-26	0001-01-01	10101	1	1st	0037-01-01	370101	37	0037-01-01	0037-07-01	370701	2	0037-07-01	0037-09-01	370901	3	0037-09-01	0037-10-01	371001	4	0037-10-01	0037-10-01	371001	10	0037-10-01	0037-10-26	371026	44	0037-W44	Monday	299	26
0037-10-27	371027	371027	0037-10-27	0001-01-01	10101	1	1st	0037-01-01	370101	37	0037-01-01	0037-07-01	370701	2	0037-07-01	0037-09-01	370901	3	0037-09-01	0037-10-01	371001	4	0037-10-01	0037-10-01	371001	10	0037-10-01	0037-10-26	371026	44	0037-W44	Tuesday	300	27
0037-10-28	371028	371028	0037-10-28	0001-01-01	10101	1	1st	0037-01-01	370101	37	0037-01-01	0037-07-01	370701	2	0037-07-01	0037-09-01	370901	3	0037-09-01	0037-10-01	371001	4	0037-10-01	0037-10-01	371001	10	0037-10-01	0037-10-26	371026	44	0037-W44	Wednesday	301	28
0037-10-29	371029	371029	0037-10-29	0001-01-01	10101	1	1st	0037-01-01	370101	37	0037-01-01	0037-07-01	370701	2	0037-07-01	0037-09-01	370901	3	0037-09-01	0037-10-01	371001	4	0037-10-01	0037-10-01	371001	10	0037-10-01	0037-10-26	371026	44	0037-W44	Thursday	302	29
0037-10-30	371030	371030	0037-10-30	0001-01-01	10101	1	1st	0037-01-01	370101	37	0037-01-01	0037-07-01	370701	2	0037-07-01	0037-09-01	370901	3	0037-09-01	0037-10-01	371001	4	0037-10-01	0037-10-01	371001	10	0037-10-01	0037-10-26	371026	44	0037-W44	Friday	303	30
0037-10-31	371031	371031	0037-10-31	0001-01-01	10101	1	1st	0037-01-01	370101	37	0037-01-01	0037-07-01	370701	2	0037-07-01	0037-09-01	370901	3	0037-09-01	0037-10-01	371001	4	0037-10-01	0037-10-01	371001	10	0037-10-01	0037-10-26	371026	44	0037-W44	Saturday	304	31
0037-11-01	371101	371101	0037-11-01	0001-01-01	10101	1	1st	0037-01-01	370101	37	0037-01-01	0037-07-01	370701	2	0037-07-01	0037-09-01	370901	3	0037-09-01	0037-10-01	371001	4	0037-10-01	0037-11-01	371101	11	0037-11-01	0037-10-26	371026	44	0037-W44	Sunday	305	01
0037-11-02	371102	371102	0037-11-02	0001-01-01	10101	1	1st	0037-01-01	370101	37	0037-01-01	0037-07-01	370701	2	0037-07-01	0037-09-01	370901	3	0037-09-01	0037-10-01	371001	4	0037-10-01	0037-11-01	371101	11	0037-11-01	0037-11-02	371102	45	0037-W45	Monday	306	02
0037-11-03	371103	371103	0037-11-03	0001-01-01	10101	1	1st	0037-01-01	370101	37	0037-01-01	0037-07-01	370701	2	0037-07-01	0037-09-01	370901	3	0037-09-01	0037-10-01	371001	4	0037-10-01	0037-11-01	371101	11	0037-11-01	0037-11-02	371102	45	0037-W45	Tuesday	307	03
0037-11-04	371104	371104	0037-11-04	0001-01-01	10101	1	1st	0037-01-01	370101	37	0037-01-01	0037-07-01	370701	2	0037-07-01	0037-09-01	370901	3	0037-09-01	0037-10-01	371001	4	0037-10-01	0037-11-01	371101	11	0037-11-01	0037-11-02	371102	45	0037-W45	Wednesday	308	04
0037-11-05	371105	371105	0037-11-05	0001-01-01	10101	1	1st	0037-01-01	370101	37	0037-01-01	0037-07-01	370701	2	0037-07-01	0037-09-01	370901	3	0037-09-01	0037-10-01	371001	4	0037-10-01	0037-11-01	371101	11	0037-11-01	0037-11-02	371102	45	0037-W45	Thursday	309	05
0037-11-06	371106	371106	0037-11-06	0001-01-01	10101	1	1st	0037-01-01	370101	37	0037-01-01	0037-07-01	370701	2	0037-07-01	0037-09-01	370901	3	0037-09-01	0037-10-01	371001	4	0037-10-01	0037-11-01	371101	11	0037-11-01	0037-11-02	371102	45	0037-W45	Friday	310	06
0037-11-07	371107	371107	0037-11-07	0001-01-01	10101	1	1st	0037-01-01	370101	37	0037-01-01	0037-07-01	370701	2	0037-07-01	0037-09-01	370901	3	0037-09-01	0037-10-01	371001	4	0037-10-01	0037-11-01	371101	11	0037-11-01	0037-11-02	371102	45	0037-W45	Saturday	311	07
0037-11-08	371108	371108	0037-11-08	0001-01-01	10101	1	1st	0037-01-01	370101	37	0037-01-01	0037-07-01	370701	2	0037-07-01	0037-09-01	370901	3	0037-09-01	0037-10-01	371001	4	0037-10-01	0037-11-01	371101	11	0037-11-01	0037-11-02	371102	45	0037-W45	Sunday	312	08
0037-11-09	371109	371109	0037-11-09	0001-01-01	10101	1	1st	0037-01-01	370101	37	0037-01-01	0037-07-01	370701	2	0037-07-01	0037-09-01	370901	3	0037-09-01	0037-10-01	371001	4	0037-10-01	0037-11-01	371101	11	0037-11-01	0037-11-09	371109	46	0037-W46	Monday	313	09
0037-11-10	371110	371110	0037-11-10	0001-01-01	10101	1	1st	0037-01-01	370101	37	0037-01-01	0037-07-01	370701	2	0037-07-01	0037-09-01	370901	3	0037-09-01	0037-10-01	371001	4	0037-10-01	0037-11-01	371101	11	0037-11-01	0037-11-09	371109	46	0037-W46	Tuesday	314	10
0037-11-11	371111	371111	0037-11-11	0001-01-01	10101	1	1st	0037-01-01	370101	37	0037-01-01	0037-07-01	370701	2	0037-07-01	0037-09-01	370901	3	0037-09-01	0037-10-01	371001	4	0037-10-01	0037-11-01	371101	11	0037-11-01	0037-11-09	371109	46	0037-W46	Wednesday	315	11
0037-11-12	371112	371112	0037-11-12	0001-01-01	10101	1	1st	0037-01-01	370101	37	0037-01-01	0037-07-01	370701	2	0037-07-01	0037-09-01	370901	3	0037-09-01	0037-10-01	371001	4	0037-10-01	0037-11-01	371101	11	0037-11-01	0037-11-09	371109	46	0037-W46	Thursday	316	12
0037-11-13	371113	371113	0037-11-13	0001-01-01	10101	1	1st	0037-01-01	370101	37	0037-01-01	0037-07-01	370701	2	0037-07-01	0037-09-01	370901	3	0037-09-01	0037-10-01	371001	4	0037-10-01	0037-11-01	371101	11	0037-11-01	0037-11-09	371109	46	0037-W46	Friday	317	13
0037-11-14	371114	371114	0037-11-14	0001-01-01	10101	1	1st	0037-01-01	370101	37	0037-01-01	0037-07-01	370701	2	0037-07-01	0037-09-01	370901	3	0037-09-01	0037-10-01	371001	4	0037-10-01	0037-11-01	371101	11	0037-11-01	0037-11-09	371109	46	0037-W46	Saturday	318	14
0037-11-15	371115	371115	0037-11-15	0001-01-01	10101	1	1st	0037-01-01	370101	37	0037-01-01	0037-07-01	370701	2	0037-07-01	0037-09-01	370901	3	0037-09-01	0037-10-01	371001	4	0037-10-01	0037-11-01	371101	11	0037-11-01	0037-11-09	371109	46	0037-W46	Sunday	319	15
0037-11-16	371116	371116	0037-11-16	0001-01-01	10101	1	1st	0037-01-01	370101	37	0037-01-01	0037-07-01	370701	2	0037-07-01	0037-09-01	370901	3	0037-09-01	0037-10-01	371001	4	0037-10-01	0037-11-01	371101	11	0037-11-01	0037-11-16	371116	47	0037-W47	Monday	320	16
0037-11-17	371117	371117	0037-11-17	0001-01-01	10101	1	1st	0037-01-01	370101	37	0037-01-01	0037-07-01	370701	2	0037-07-01	0037-09-01	370901	3	0037-09-01	0037-10-01	371001	4	0037-10-01	0037-11-01	371101	11	0037-11-01	0037-11-16	371116	47	0037-W47	Tuesday	321	17
0037-11-18	371118	371118	0037-11-18	0001-01-01	10101	1	1st	0037-01-01	370101	37	0037-01-01	0037-07-01	370701	2	0037-07-01	0037-09-01	370901	3	0037-09-01	0037-10-01	371001	4	0037-10-01	0037-11-01	371101	11	0037-11-01	0037-11-16	371116	47	0037-W47	Wednesday	322	18
0037-11-19	371119	371119	0037-11-19	0001-01-01	10101	1	1st	0037-01-01	370101	37	0037-01-01	0037-07-01	370701	2	0037-07-01	0037-09-01	370901	3	0037-09-01	0037-10-01	371001	4	0037-10-01	0037-11-01	371101	11	0037-11-01	0037-11-16	371116	47	0037-W47	Thursday	323	19
0037-11-20	371120	371120	0037-11-20	0001-01-01	10101	1	1st	0037-01-01	370101	37	0037-01-01	0037-07-01	370701	2	0037-07-01	0037-09-01	370901	3	0037-09-01	0037-10-01	371001	4	0037-10-01	0037-11-01	371101	11	0037-11-01	0037-11-16	371116	47	0037-W47	Friday	324	20
0037-11-21	371121	371121	0037-11-21	0001-01-01	10101	1	1st	0037-01-01	370101	37	0037-01-01	0037-07-01	370701	2	0037-07-01	0037-09-01	370901	3	0037-09-01	0037-10-01	371001	4	0037-10-01	0037-11-01	371101	11	0037-11-01	0037-11-16	371116	47	0037-W47	Saturday	325	21
0037-11-22	371122	371122	0037-11-22	0001-01-01	10101	1	1st	0037-01-01	370101	37	0037-01-01	0037-07-01	370701	2	0037-07-01	0037-09-01	370901	3	0037-09-01	0037-10-01	371001	4	0037-10-01	0037-11-01	371101	11	0037-11-01	0037-11-16	371116	47	0037-W47	Sunday	326	22
0037-11-23	371123	371123	0037-11-23	0001-01-01	10101	1	1st	0037-01-01	370101	37	0037-01-01	0037-07-01	370701	2	0037-07-01	0037-09-01	370901	3	0037-09-01	0037-10-01	371001	4	0037-10-01	0037-11-01	371101	11	0037-11-01	0037-11-23	371123	48	0037-W48	Monday	327	23
0037-11-24	371124	371124	0037-11-24	0001-01-01	10101	1	1st	0037-01-01	370101	37	0037-01-01	0037-07-01	370701	2	0037-07-01	0037-09-01	370901	3	0037-09-01	0037-10-01	371001	4	0037-10-01	0037-11-01	371101	11	0037-11-01	0037-11-23	371123	48	0037-W48	Tuesday	328	24
0037-11-25	371125	371125	0037-11-25	0001-01-01	10101	1	1st	0037-01-01	370101	37	0037-01-01	0037-07-01	370701	2	0037-07-01	0037-09-01	370901	3	0037-09-01	0037-10-01	371001	4	0037-10-01	0037-11-01	371101	11	0037-11-01	0037-11-23	371123	48	0037-W48	Wednesday	329	25
0037-11-26	371126	371126	0037-11-26	0001-01-01	10101	1	1st	0037-01-01	370101	37	0037-01-01	0037-07-01	370701	2	0037-07-01	0037-09-01	370901	3	0037-09-01	0037-10-01	371001	4	0037-10-01	0037-11-01	371101	11	0037-11-01	0037-11-23	371123	48	0037-W48	Thursday	330	26
0037-11-27	371127	371127	0037-11-27	0001-01-01	10101	1	1st	0037-01-01	370101	37	0037-01-01	0037-07-01	370701	2	0037-07-01	0037-09-01	370901	3	0037-09-01	0037-10-01	371001	4	0037-10-01	0037-11-01	371101	11	0037-11-01	0037-11-23	371123	48	0037-W48	Friday	331	27
0037-11-28	371128	371128	0037-11-28	0001-01-01	10101	1	1st	0037-01-01	370101	37	0037-01-01	0037-07-01	370701	2	0037-07-01	0037-09-01	370901	3	0037-09-01	0037-10-01	371001	4	0037-10-01	0037-11-01	371101	11	0037-11-01	0037-11-23	371123	48	0037-W48	Saturday	332	28
0037-11-29	371129	371129	0037-11-29	0001-01-01	10101	1	1st	0037-01-01	370101	37	0037-01-01	0037-07-01	370701	2	0037-07-01	0037-09-01	370901	3	0037-09-01	0037-10-01	371001	4	0037-10-01	0037-11-01	371101	11	0037-11-01	0037-11-23	371123	48	0037-W48	Sunday	333	29
0037-11-30	371130	371130	0037-11-30	0001-01-01	10101	1	1st	0037-01-01	370101	37	0037-01-01	0037-07-01	370701	2	0037-07-01	0037-09-01	370901	3	0037-09-01	0037-10-01	371001	4	0037-10-01	0037-11-01	371101	11	0037-11-01	0037-11-30	371130	49	0037-W49	Monday	334	30
0037-12-01	371201	371201	0037-12-01	0001-01-01	10101	1	1st	0037-01-01	370101	37	0037-01-01	0037-07-01	370701	2	0037-07-01	0037-09-01	370901	3	0037-09-01	0037-10-01	371001	4	0037-10-01	0037-12-01	371201	12	0037-12-01	0037-11-30	371130	49	0037-W49	Tuesday	335	01
0037-12-02	371202	371202	0037-12-02	0001-01-01	10101	1	1st	0037-01-01	370101	37	0037-01-01	0037-07-01	370701	2	0037-07-01	0037-09-01	370901	3	0037-09-01	0037-10-01	371001	4	0037-10-01	0037-12-01	371201	12	0037-12-01	0037-11-30	371130	49	0037-W49	Wednesday	336	02
0037-12-03	371203	371203	0037-12-03	0001-01-01	10101	1	1st	0037-01-01	370101	37	0037-01-01	0037-07-01	370701	2	0037-07-01	0037-09-01	370901	3	0037-09-01	0037-10-01	371001	4	0037-10-01	0037-12-01	371201	12	0037-12-01	0037-11-30	371130	49	0037-W49	Thursday	337	03
0037-12-04	371204	371204	0037-12-04	0001-01-01	10101	1	1st	0037-01-01	370101	37	0037-01-01	0037-07-01	370701	2	0037-07-01	0037-09-01	370901	3	0037-09-01	0037-10-01	371001	4	0037-10-01	0037-12-01	371201	12	0037-12-01	0037-11-30	371130	49	0037-W49	Friday	338	04
0037-12-05	371205	371205	0037-12-05	0001-01-01	10101	1	1st	0037-01-01	370101	37	0037-01-01	0037-07-01	370701	2	0037-07-01	0037-09-01	370901	3	0037-09-01	0037-10-01	371001	4	0037-10-01	0037-12-01	371201	12	0037-12-01	0037-11-30	371130	49	0037-W49	Saturday	339	05
0037-12-06	371206	371206	0037-12-06	0001-01-01	10101	1	1st	0037-01-01	370101	37	0037-01-01	0037-07-01	370701	2	0037-07-01	0037-09-01	370901	3	0037-09-01	0037-10-01	371001	4	0037-10-01	0037-12-01	371201	12	0037-12-01	0037-11-30	371130	49	0037-W49	Sunday	340	06
0037-12-07	371207	371207	0037-12-07	0001-01-01	10101	1	1st	0037-01-01	370101	37	0037-01-01	0037-07-01	370701	2	0037-07-01	0037-09-01	370901	3	0037-09-01	0037-10-01	371001	4	0037-10-01	0037-12-01	371201	12	0037-12-01	0037-12-07	371207	50	0037-W50	Monday	341	07
0037-12-08	371208	371208	0037-12-08	0001-01-01	10101	1	1st	0037-01-01	370101	37	0037-01-01	0037-07-01	370701	2	0037-07-01	0037-09-01	370901	3	0037-09-01	0037-10-01	371001	4	0037-10-01	0037-12-01	371201	12	0037-12-01	0037-12-07	371207	50	0037-W50	Tuesday	342	08
0037-12-09	371209	371209	0037-12-09	0001-01-01	10101	1	1st	0037-01-01	370101	37	0037-01-01	0037-07-01	370701	2	0037-07-01	0037-09-01	370901	3	0037-09-01	0037-10-01	371001	4	0037-10-01	0037-12-01	371201	12	0037-12-01	0037-12-07	371207	50	0037-W50	Wednesday	343	09
0037-12-10	371210	371210	0037-12-10	0001-01-01	10101	1	1st	0037-01-01	370101	37	0037-01-01	0037-07-01	370701	2	0037-07-01	0037-09-01	370901	3	0037-09-01	0037-10-01	371001	4	0037-10-01	0037-12-01	371201	12	0037-12-01	0037-12-07	371207	50	0037-W50	Thursday	344	10
0037-12-11	371211	371211	0037-12-11	0001-01-01	10101	1	1st	0037-01-01	370101	37	0037-01-01	0037-07-01	370701	2	0037-07-01	0037-09-01	370901	3	0037-09-01	0037-10-01	371001	4	0037-10-01	0037-12-01	371201	12	0037-12-01	0037-12-07	371207	50	0037-W50	Friday	345	11
0037-12-12	371212	371212	0037-12-12	0001-01-01	10101	1	1st	0037-01-01	370101	37	0037-01-01	0037-07-01	370701	2	0037-07-01	0037-09-01	370901	3	0037-09-01	0037-10-01	371001	4	0037-10-01	0037-12-01	371201	12	0037-12-01	0037-12-07	371207	50	0037-W50	Saturday	346	12
0037-12-13	371213	371213	0037-12-13	0001-01-01	10101	1	1st	0037-01-01	370101	37	0037-01-01	0037-07-01	370701	2	0037-07-01	0037-09-01	370901	3	0037-09-01	0037-10-01	371001	4	0037-10-01	0037-12-01	371201	12	0037-12-01	0037-12-07	371207	50	0037-W50	Sunday	347	13
0037-12-14	371214	371214	0037-12-14	0001-01-01	10101	1	1st	0037-01-01	370101	37	0037-01-01	0037-07-01	370701	2	0037-07-01	0037-09-01	370901	3	0037-09-01	0037-10-01	371001	4	0037-10-01	0037-12-01	371201	12	0037-12-01	0037-12-14	371214	51	0037-W51	Monday	348	14
0037-12-15	371215	371215	0037-12-15	0001-01-01	10101	1	1st	0037-01-01	370101	37	0037-01-01	0037-07-01	370701	2	0037-07-01	0037-09-01	370901	3	0037-09-01	0037-10-01	371001	4	0037-10-01	0037-12-01	371201	12	0037-12-01	0037-12-14	371214	51	0037-W51	Tuesday	349	15
0037-12-16	371216	371216	0037-12-16	0001-01-01	10101	1	1st	0037-01-01	370101	37	0037-01-01	0037-07-01	370701	2	0037-07-01	0037-09-01	370901	3	0037-09-01	0037-10-01	371001	4	0037-10-01	0037-12-01	371201	12	0037-12-01	0037-12-14	371214	51	0037-W51	Wednesday	350	16
0037-12-17	371217	371217	0037-12-17	0001-01-01	10101	1	1st	0037-01-01	370101	37	0037-01-01	0037-07-01	370701	2	0037-07-01	0037-09-01	370901	3	0037-09-01	0037-10-01	371001	4	0037-10-01	0037-12-01	371201	12	0037-12-01	0037-12-14	371214	51	0037-W51	Thursday	351	17
0037-12-18	371218	371218	0037-12-18	0001-01-01	10101	1	1st	0037-01-01	370101	37	0037-01-01	0037-07-01	370701	2	0037-07-01	0037-09-01	370901	3	0037-09-01	0037-10-01	371001	4	0037-10-01	0037-12-01	371201	12	0037-12-01	0037-12-14	371214	51	0037-W51	Friday	352	18
0037-12-19	371219	371219	0037-12-19	0001-01-01	10101	1	1st	0037-01-01	370101	37	0037-01-01	0037-07-01	370701	2	0037-07-01	0037-09-01	370901	3	0037-09-01	0037-10-01	371001	4	0037-10-01	0037-12-01	371201	12	0037-12-01	0037-12-14	371214	51	0037-W51	Saturday	353	19
0037-12-20	371220	371220	0037-12-20	0001-01-01	10101	1	1st	0037-01-01	370101	37	0037-01-01	0037-07-01	370701	2	0037-07-01	0037-09-01	370901	3	0037-09-01	0037-10-01	371001	4	0037-10-01	0037-12-01	371201	12	0037-12-01	0037-12-14	371214	51	0037-W51	Sunday	354	20
0037-12-21	371221	371221	0037-12-21	0001-01-01	10101	1	1st	0037-01-01	370101	37	0037-01-01	0037-07-01	370701	2	0037-07-01	0037-09-01	370901	3	0037-09-01	0037-10-01	371001	4	0037-10-01	0037-12-01	371201	12	0037-12-01	0037-12-21	371221	52	0037-W52	Monday	355	21
0037-12-22	371222	371222	0037-12-22	0001-01-01	10101	1	1st	0037-01-01	370101	37	0037-01-01	0037-07-01	370701	2	0037-07-01	0037-09-01	370901	3	0037-09-01	0037-10-01	371001	4	0037-10-01	0037-12-01	371201	12	0037-12-01	0037-12-21	371221	52	0037-W52	Tuesday	356	22
0037-12-23	371223	371223	0037-12-23	0001-01-01	10101	1	1st	0037-01-01	370101	37	0037-01-01	0037-07-01	370701	2	0037-07-01	0037-09-01	370901	3	0037-09-01	0037-10-01	371001	4	0037-10-01	0037-12-01	371201	12	0037-12-01	0037-12-21	371221	52	0037-W52	Wednesday	357	23
0037-12-24	371224	371224	0037-12-24	0001-01-01	10101	1	1st	0037-01-01	370101	37	0037-01-01	0037-07-01	370701	2	0037-07-01	0037-09-01	370901	3	0037-09-01	0037-10-01	371001	4	0037-10-01	0037-12-01	371201	12	0037-12-01	0037-12-21	371221	52	0037-W52	Thursday	358	24
0037-12-25	371225	371225	0037-12-25	0001-01-01	10101	1	1st	0037-01-01	370101	37	0037-01-01	0037-07-01	370701	2	0037-07-01	0037-09-01	370901	3	0037-09-01	0037-10-01	371001	4	0037-10-01	0037-12-01	371201	12	0037-12-01	0037-12-21	371221	52	0037-W52	Friday	359	25
0037-12-26	371226	371226	0037-12-26	0001-01-01	10101	1	1st	0037-01-01	370101	37	0037-01-01	0037-07-01	370701	2	0037-07-01	0037-09-01	370901	3	0037-09-01	0037-10-01	371001	4	0037-10-01	0037-12-01	371201	12	0037-12-01	0037-12-21	371221	52	0037-W52	Saturday	360	26
0037-12-27	371227	371227	0037-12-27	0001-01-01	10101	1	1st	0037-01-01	370101	37	0037-01-01	0037-07-01	370701	2	0037-07-01	0037-09-01	370901	3	0037-09-01	0037-10-01	371001	4	0037-10-01	0037-12-01	371201	12	0037-12-01	0037-12-21	371221	52	0037-W52	Sunday	361	27
0037-12-28	371228	371228	0037-12-28	0001-01-01	10101	1	1st	0037-01-01	370101	37	0037-01-01	0037-07-01	370701	2	0037-07-01	0037-09-01	370901	3	0037-09-01	0037-10-01	371001	4	0037-10-01	0037-12-01	371201	12	0037-12-01	0037-12-28	371228	53	0037-W53	Monday	362	28
0037-12-29	371229	371229	0037-12-29	0001-01-01	10101	1	1st	0037-01-01	370101	37	0037-01-01	0037-07-01	370701	2	0037-07-01	0037-09-01	370901	3	0037-09-01	0037-10-01	371001	4	0037-10-01	0037-12-01	371201	12	0037-12-01	0037-12-28	371228	53	0037-W53	Tuesday	363	29
0037-12-30	371230	371230	0037-12-30	0001-01-01	10101	1	1st	0037-01-01	370101	37	0037-01-01	0037-07-01	370701	2	0037-07-01	0037-09-01	370901	3	0037-09-01	0037-10-01	371001	4	0037-10-01	0037-12-01	371201	12	0037-12-01	0037-12-28	371228	53	0037-W53	Wednesday	364	30
0037-12-31	371231	371231	0037-12-31	0001-01-01	10101	1	1st	0037-01-01	370101	37	0037-01-01	0037-07-01	370701	2	0037-07-01	0037-09-01	370901	3	0037-09-01	0037-10-01	371001	4	0037-10-01	0037-12-01	371201	12	0037-12-01	0037-12-28	371228	53	0037-W53	Thursday	365	31
